Music,Techno,Movies,History,Mathematics,Pets,Spiders,Loneliness,Parents advice,Internet usage,Finances,Age,Siblings,Gender,Village - town,Age Category
5.0,1.0,5.0,1.0,3.0,4.0,1.0,3.0,4.0,few hours a day,3.0,20.0,1.0,female,village,Less than 21
4.0,1.0,5.0,1.0,5.0,5.0,1.0,2.0,2.0,few hours a day,3.0,19.0,2.0,female,city,Less than 21
5.0,1.0,5.0,1.0,5.0,5.0,1.0,5.0,3.0,few hours a day,2.0,20.0,2.0,female,city,Less than 21
5.0,2.0,5.0,4.0,4.0,1.0,5.0,5.0,2.0,most of the day,2.0,22.0,1.0,female,city,21+
5.0,2.0,5.0,3.0,2.0,1.0,1.0,3.0,3.0,few hours a day,4.0,20.0,1.0,female,village,Less than 21
5.0,1.0,5.0,5.0,2.0,2.0,1.0,2.0,3.0,few hours a day,2.0,20.0,1.0,male,city,Less than 21
5.0,5.0,4.0,3.0,1.0,5.0,1.0,3.0,4.0,less than an hour a day,4.0,20.0,1.0,female,village,Less than 21
5.0,3.0,5.0,5.0,1.0,5.0,1.0,2.0,3.0,few hours a day,3.0,19.0,1.0,male,city,Less than 21
5.0,1.0,5.0,3.0,1.0,1.0,5.0,4.0,4.0,few hours a day,2.0,18.0,1.0,female,city,Less than 21
5.0,1.0,5.0,3.0,3.0,2.0,3.0,2.0,3.0,few hours a day,4.0,19.0,3.0,female,city,Less than 21
5.0,4.0,5.0,3.0,2.0,5.0,2.0,2.0,4.0,less than an hour a day,2.0,19.0,2.0,female,city,Less than 21
5.0,1.0,5.0,2.0,1.0,1.0,5.0,4.0,4.0,few hours a day,2.0,17.0,1.0,female,city,Less than 21
5.0,1.0,5.0,4.0,1.0,2.0,1.0,5.0,4.0,few hours a day,4.0,24.0,10.0,female,city,21+
5.0,1.0,5.0,2.0,1.0,5.0,3.0,2.0,3.0,few hours a day,3.0,19.0,1.0,female,city,Less than 21
5.0,1.0,4.0,2.0,1.0,5.0,2.0,2.0,4.0,most of the day,5.0,22.0,1.0,female,city,21+
1.0,1.0,5.0,5.0,3.0,1.0,1.0,4.0,4.0,few hours a day,3.0,18.0,0.0,male,city,Less than 21
5.0,4.0,5.0,1.0,1.0,5.0,5.0,2.0,3.0,few hours a day,3.0,19.0,2.0,female,city,Less than 21
5.0,1.0,5.0,3.0,1.0,5.0,4.0,4.0,1.0,few hours a day,1.0,20.0,1.0,female,village,Less than 21
5.0,4.0,5.0,3.0,5.0,4.0,1.0,4.0,3.0,few hours a day,4.0,18.0,2.0,male,city,Less than 21
5.0,3.0,3.0,2.0,3.0,1.0,4.0,2.0,2.0,few hours a day,2.0,18.0,1.0,male,city,Less than 21
5.0,3.0,5.0,5.0,2.0,3.0,2.0,2.0,3.0,few hours a day,2.0,20.0,1.0,male,city,Less than 21
5.0,1.0,5.0,4.0,3.0,5.0,1.0,4.0,3.0,few hours a day,2.0,24.0,1.0,male,city,21+
5.0,3.0,5.0,3.0,1.0,5.0,5.0,3.0,3.0,few hours a day,5.0,22.0,1.0,female,city,21+
5.0,1.0,5.0,2.0,2.0,5.0,3.0,3.0,2.0,few hours a day,2.0,20.0,3.0,female,city,Less than 21
5.0,3.0,5.0,4.0,2.0,3.0,5.0,4.0,4.0,few hours a day,3.0,19.0,1.0,female,city,Less than 21
5.0,2.0,5.0,2.0,3.0,3.0,5.0,2.0,4.0,few hours a day,2.0,20.0,1.0,female,city,Less than 21
5.0,2.0,5.0,3.0,2.0,5.0,1.0,4.0,5.0,few hours a day,5.0,22.0,1.0,female,city,21+
4.0,4.0,5.0,2.0,1.0,5.0,5.0,3.0,4.0,few hours a day,3.0,19.0,1.0,female,city,Less than 21
5.0,3.0,5.0,5.0,1.0,3.0,4.0,3.0,3.0,few hours a day,3.0,20.0,2.0,male,village,Less than 21
5.0,3.0,5.0,5.0,2.0,2.0,5.0,3.0,3.0,few hours a day,4.0,19.0,2.0,female,village,Less than 21
4.0,3.0,5.0,2.0,1.0,3.0,5.0,2.0,3.0,few hours a day,2.0,25.0,1.0,male,city,21+
4.0,1.0,4.0,4.0,2.0,1.0,2.0,2.0,3.0,less than an hour a day,4.0,22.0,1.0,female,city,21+
5.0,3.0,5.0,4.0,1.0,5.0,5.0,1.0,3.0,few hours a day,1.0,20.0,4.0,female,city,Less than 21
5.0,1.0,4.0,5.0,2.0,5.0,4.0,3.0,4.0,few hours a day,2.0,27.0,1.0,female,city,21+
5.0,1.0,5.0,4.0,3.0,1.0,2.0,2.0,2.0,few hours a day,3.0,20.0,5.0,male,city,Less than 21
5.0,1.0,5.0,1.0,1.0,5.0,4.0,3.0,3.0,few hours a day,3.0,19.0,1.0,female,village,Less than 21
5.0,1.0,5.0,4.0,3.0,5.0,5.0,2.0,5.0,few hours a day,5.0,18.0,1.0,female,city,Less than 21
5.0,1.0,4.0,3.0,3.0,3.0,,3.0,3.0,few hours a day,3.0,21.0,1.0,male,city,21+
5.0,4.0,5.0,3.0,3.0,5.0,5.0,4.0,4.0,few hours a day,5.0,23.0,1.0,female,village,21+
5.0,2.0,4.0,4.0,1.0,5.0,5.0,4.0,3.0,few hours a day,3.0,21.0,1.0,female,city,21+
4.0,3.0,5.0,2.0,2.0,2.0,5.0,3.0,1.0,few hours a day,3.0,26.0,1.0,female,city,21+
5.0,5.0,3.0,5.0,5.0,3.0,1.0,1.0,3.0,few hours a day,3.0,20.0,3.0,male,city,Less than 21
5.0,3.0,5.0,2.0,5.0,5.0,5.0,3.0,2.0,few hours a day,5.0,19.0,0.0,female,city,Less than 21
5.0,3.0,5.0,2.0,1.0,5.0,5.0,3.0,3.0,most of the day,3.0,20.0,1.0,female,city,Less than 21
4.0,4.0,5.0,4.0,3.0,5.0,5.0,4.0,3.0,few hours a day,4.0,25.0,1.0,female,village,21+
5.0,3.0,5.0,5.0,5.0,4.0,5.0,4.0,1.0,most of the day,4.0,27.0,1.0,male,,21+
5.0,2.0,5.0,4.0,2.0,4.0,1.0,2.0,4.0,few hours a day,3.0,21.0,1.0,female,city,21+
5.0,2.0,5.0,2.0,2.0,5.0,1.0,2.0,3.0,few hours a day,3.0,19.0,1.0,female,city,Less than 21
5.0,2.0,3.0,2.0,2.0,2.0,2.0,5.0,3.0,few hours a day,4.0,20.0,1.0,female,village,Less than 21
5.0,2.0,5.0,2.0,1.0,5.0,5.0,4.0,3.0,few hours a day,4.0,20.0,1.0,female,city,Less than 21
4.0,1.0,5.0,3.0,4.0,5.0,2.0,3.0,3.0,few hours a day,4.0,19.0,2.0,female,city,Less than 21
5.0,3.0,5.0,2.0,5.0,4.0,5.0,2.0,4.0,less than an hour a day,5.0,19.0,1.0,female,city,Less than 21
5.0,2.0,5.0,5.0,3.0,3.0,5.0,3.0,3.0,few hours a day,1.0,21.0,2.0,female,village,21+
5.0,2.0,5.0,3.0,1.0,1.0,5.0,3.0,4.0,less than an hour a day,3.0,18.0,4.0,female,city,Less than 21
5.0,4.0,5.0,5.0,1.0,1.0,3.0,3.0,3.0,few hours a day,3.0,21.0,2.0,female,city,21+
5.0,5.0,5.0,4.0,2.0,5.0,5.0,3.0,2.0,few hours a day,5.0,23.0,1.0,female,village,21+
5.0,1.0,5.0,3.0,4.0,3.0,3.0,5.0,3.0,few hours a day,3.0,20.0,2.0,female,city,Less than 21
5.0,1.0,5.0,5.0,1.0,5.0,5.0,2.0,5.0,few hours a day,5.0,21.0,1.0,female,city,21+
5.0,3.0,5.0,3.0,3.0,3.0,1.0,5.0,4.0,few hours a day,5.0,19.0,1.0,male,village,Less than 21
5.0,4.0,5.0,4.0,1.0,1.0,2.0,3.0,3.0,few hours a day,1.0,22.0,1.0,male,city,21+
5.0,1.0,5.0,4.0,4.0,1.0,2.0,4.0,3.0,most of the day,5.0,23.0,1.0,male,city,21+
5.0,4.0,5.0,3.0,3.0,5.0,3.0,4.0,4.0,few hours a day,2.0,23.0,1.0,male,city,21+
5.0,5.0,5.0,5.0,4.0,1.0,5.0,1.0,4.0,few hours a day,3.0,23.0,2.0,male,city,21+
5.0,5.0,5.0,4.0,,3.0,,2.0,3.0,few hours a day,3.0,22.0,2.0,male,city,21+
5.0,2.0,5.0,1.0,1.0,5.0,5.0,1.0,4.0,most of the day,1.0,18.0,0.0,female,city,Less than 21
4.0,4.0,5.0,5.0,2.0,3.0,1.0,3.0,3.0,few hours a day,1.0,17.0,1.0,male,city,Less than 21
4.0,5.0,4.0,3.0,5.0,1.0,1.0,3.0,3.0,less than an hour a day,3.0,20.0,1.0,male,village,Less than 21
3.0,1.0,5.0,2.0,4.0,4.0,1.0,2.0,2.0,few hours a day,3.0,24.0,0.0,female,village,21+
5.0,4.0,5.0,2.0,5.0,4.0,4.0,4.0,2.0,few hours a day,1.0,18.0,1.0,female,village,Less than 21
5.0,1.0,5.0,2.0,1.0,4.0,1.0,3.0,4.0,most of the day,1.0,20.0,3.0,female,city,Less than 21
5.0,3.0,5.0,2.0,1.0,2.0,4.0,3.0,5.0,few hours a day,3.0,17.0,1.0,male,city,Less than 21
4.0,3.0,4.0,5.0,2.0,5.0,3.0,3.0,3.0,few hours a day,4.0,20.0,1.0,male,city,Less than 21
5.0,1.0,5.0,3.0,1.0,2.0,5.0,5.0,3.0,few hours a day,3.0,28.0,1.0,female,city,21+
5.0,3.0,5.0,4.0,1.0,5.0,3.0,3.0,4.0,few hours a day,3.0,21.0,1.0,male,city,21+
5.0,2.0,5.0,4.0,1.0,3.0,3.0,3.0,4.0,few hours a day,5.0,22.0,1.0,male,city,21+
5.0,1.0,4.0,5.0,2.0,4.0,1.0,2.0,3.0,few hours a day,3.0,20.0,1.0,male,village,Less than 21
4.0,1.0,4.0,2.0,1.0,3.0,1.0,2.0,4.0,few hours a day,2.0,18.0,1.0,male,city,Less than 21
5.0,5.0,5.0,4.0,1.0,1.0,5.0,1.0,4.0,few hours a day,1.0,21.0,1.0,female,city,21+
4.0,4.0,5.0,2.0,3.0,3.0,3.0,2.0,4.0,few hours a day,4.0,24.0,1.0,female,village,21+
5.0,4.0,5.0,4.0,2.0,5.0,5.0,3.0,4.0,few hours a day,4.0,21.0,2.0,female,city,21+
5.0,3.0,5.0,5.0,1.0,5.0,3.0,3.0,3.0,few hours a day,3.0,19.0,1.0,female,city,Less than 21
5.0,3.0,5.0,3.0,1.0,2.0,1.0,3.0,3.0,few hours a day,3.0,22.0,1.0,male,city,21+
5.0,1.0,5.0,4.0,1.0,5.0,3.0,5.0,3.0,few hours a day,3.0,18.0,1.0,female,city,Less than 21
5.0,5.0,5.0,,1.0,5.0,5.0,2.0,2.0,few hours a day,3.0,22.0,2.0,female,city,21+
5.0,1.0,5.0,5.0,1.0,5.0,3.0,3.0,4.0,few hours a day,1.0,19.0,0.0,female,city,Less than 21
5.0,4.0,5.0,4.0,5.0,1.0,2.0,3.0,2.0,most of the day,2.0,22.0,2.0,male,city,21+
4.0,3.0,5.0,5.0,4.0,2.0,2.0,4.0,4.0,few hours a day,2.0,24.0,3.0,male,city,21+
5.0,2.0,5.0,5.0,,3.0,3.0,1.0,3.0,few hours a day,2.0,18.0,3.0,female,village,Less than 21
5.0,5.0,5.0,5.0,1.0,5.0,5.0,5.0,5.0,few hours a day,1.0,21.0,0.0,female,city,21+
5.0,1.0,5.0,3.0,1.0,2.0,2.0,3.0,4.0,few hours a day,4.0,22.0,2.0,female,village,21+
4.0,1.0,4.0,1.0,1.0,3.0,5.0,3.0,3.0,most of the day,1.0,19.0,3.0,female,village,Less than 21
5.0,1.0,5.0,1.0,1.0,1.0,5.0,2.0,4.0,few hours a day,5.0,18.0,4.0,female,village,Less than 21
5.0,1.0,5.0,4.0,3.0,3.0,1.0,4.0,4.0,few hours a day,4.0,19.0,0.0,female,city,Less than 21
5.0,1.0,4.0,2.0,4.0,3.0,2.0,3.0,2.0,few hours a day,4.0,24.0,2.0,male,village,21+
5.0,4.0,5.0,3.0,1.0,3.0,2.0,2.0,1.0,most of the day,3.0,21.0,1.0,male,city,21+
5.0,2.0,5.0,4.0,1.0,4.0,4.0,4.0,2.0,few hours a day,1.0,21.0,1.0,male,city,21+
5.0,4.0,2.0,1.0,1.0,1.0,4.0,2.0,2.0,few hours a day,1.0,19.0,1.0,male,city,Less than 21
5.0,2.0,5.0,3.0,4.0,5.0,2.0,5.0,3.0,most of the day,2.0,19.0,1.0,male,village,Less than 21
3.0,3.0,3.0,1.0,1.0,1.0,5.0,5.0,1.0,few hours a day,3.0,22.0,1.0,male,village,21+
5.0,1.0,3.0,3.0,5.0,4.0,5.0,3.0,4.0,less than an hour a day,4.0,18.0,1.0,female,city,Less than 21
5.0,2.0,5.0,3.0,2.0,2.0,4.0,3.0,4.0,few hours a day,4.0,21.0,1.0,female,city,21+
5.0,1.0,4.0,5.0,1.0,3.0,5.0,3.0,3.0,few hours a day,2.0,18.0,1.0,male,village,Less than 21
5.0,1.0,5.0,5.0,4.0,1.0,1.0,3.0,3.0,few hours a day,3.0,20.0,0.0,female,city,Less than 21
5.0,4.0,5.0,5.0,2.0,1.0,4.0,2.0,5.0,few hours a day,4.0,22.0,0.0,male,city,21+
4.0,3.0,4.0,5.0,2.0,2.0,1.0,1.0,4.0,few hours a day,2.0,21.0,1.0,male,village,21+
5.0,1.0,4.0,4.0,1.0,4.0,1.0,2.0,3.0,few hours a day,4.0,24.0,1.0,male,village,21+
5.0,3.0,5.0,4.0,3.0,1.0,2.0,4.0,3.0,few hours a day,4.0,19.0,1.0,male,city,Less than 21
5.0,1.0,3.0,1.0,1.0,4.0,1.0,1.0,5.0,less than an hour a day,1.0,18.0,1.0,female,city,Less than 21
4.0,2.0,5.0,1.0,3.0,3.0,5.0,5.0,2.0,few hours a day,1.0,17.0,1.0,female,city,Less than 21
5.0,1.0,5.0,3.0,2.0,1.0,1.0,4.0,3.0,few hours a day,4.0,18.0,0.0,male,city,Less than 21
5.0,4.0,4.0,3.0,2.0,3.0,4.0,3.0,3.0,few hours a day,4.0,21.0,1.0,male,city,21+
5.0,4.0,4.0,3.0,1.0,1.0,5.0,5.0,3.0,most of the day,2.0,22.0,1.0,female,village,21+
5.0,4.0,5.0,2.0,2.0,3.0,4.0,3.0,3.0,less than an hour a day,4.0,20.0,1.0,female,city,Less than 21
3.0,5.0,4.0,2.0,1.0,5.0,3.0,2.0,4.0,few hours a day,2.0,21.0,1.0,female,village,21+
5.0,1.0,5.0,5.0,1.0,5.0,5.0,2.0,4.0,less than an hour a day,4.0,19.0,1.0,female,city,Less than 21
5.0,3.0,5.0,2.0,1.0,3.0,5.0,5.0,3.0,few hours a day,3.0,17.0,0.0,female,city,Less than 21
5.0,1.0,4.0,2.0,1.0,4.0,5.0,5.0,4.0,few hours a day,3.0,21.0,1.0,female,city,21+
5.0,1.0,4.0,2.0,5.0,5.0,3.0,4.0,4.0,few hours a day,3.0,18.0,3.0,female,village,Less than 21
5.0,1.0,5.0,3.0,4.0,4.0,2.0,3.0,3.0,few hours a day,4.0,23.0,1.0,male,city,21+
4.0,3.0,3.0,4.0,4.0,3.0,2.0,2.0,4.0,few hours a day,5.0,16.0,1.0,female,village,Less than 21
5.0,3.0,3.0,5.0,5.0,5.0,1.0,2.0,2.0,most of the day,4.0,23.0,0.0,male,city,21+
4.0,3.0,4.0,1.0,4.0,3.0,1.0,2.0,2.0,few hours a day,2.0,21.0,2.0,male,city,21+
5.0,1.0,4.0,5.0,1.0,4.0,2.0,2.0,3.0,few hours a day,4.0,23.0,0.0,female,city,21+
5.0,1.0,3.0,2.0,1.0,4.0,1.0,3.0,3.0,few hours a day,4.0,20.0,0.0,female,village,Less than 21
4.0,1.0,4.0,4.0,1.0,4.0,1.0,2.0,3.0,few hours a day,3.0,20.0,4.0,male,city,Less than 21
5.0,2.0,5.0,4.0,2.0,5.0,4.0,3.0,4.0,few hours a day,3.0,20.0,1.0,female,city,Less than 21
3.0,1.0,3.0,5.0,2.0,1.0,1.0,4.0,3.0,few hours a day,4.0,20.0,2.0,female,village,Less than 21
4.0,3.0,5.0,4.0,3.0,2.0,2.0,3.0,2.0,most of the day,2.0,19.0,1.0,female,city,Less than 21
5.0,5.0,5.0,4.0,3.0,5.0,1.0,5.0,3.0,few hours a day,5.0,15.0,3.0,female,city,Less than 21
5.0,1.0,5.0,4.0,1.0,5.0,2.0,2.0,3.0,less than an hour a day,3.0,20.0,1.0,female,village,Less than 21
4.0,3.0,5.0,5.0,2.0,1.0,4.0,1.0,4.0,few hours a day,4.0,19.0,1.0,female,village,Less than 21
5.0,3.0,5.0,1.0,1.0,3.0,2.0,3.0,2.0,few hours a day,4.0,18.0,2.0,male,village,Less than 21
5.0,1.0,5.0,1.0,4.0,5.0,5.0,5.0,2.0,most of the day,5.0,15.0,1.0,female,village,Less than 21
5.0,1.0,5.0,4.0,1.0,4.0,4.0,2.0,4.0,less than an hour a day,2.0,20.0,2.0,female,city,Less than 21
5.0,4.0,5.0,3.0,1.0,4.0,5.0,5.0,1.0,few hours a day,1.0,16.0,1.0,female,village,Less than 21
5.0,1.0,4.0,5.0,3.0,5.0,5.0,3.0,3.0,few hours a day,4.0,18.0,1.0,male,village,Less than 21
5.0,1.0,5.0,4.0,2.0,3.0,5.0,4.0,4.0,few hours a day,3.0,21.0,1.0,male,village,21+
5.0,2.0,2.0,4.0,3.0,1.0,3.0,5.0,5.0,few hours a day,4.0,,,,village,21+
5.0,1.0,5.0,2.0,1.0,3.0,1.0,4.0,5.0,few hours a day,4.0,20.0,4.0,female,village,Less than 21
5.0,3.0,5.0,1.0,2.0,5.0,3.0,4.0,4.0,few hours a day,2.0,19.0,1.0,female,village,Less than 21
5.0,3.0,5.0,5.0,2.0,5.0,2.0,3.0,4.0,few hours a day,3.0,19.0,3.0,female,city,Less than 21
3.0,2.0,3.0,3.0,5.0,5.0,1.0,3.0,3.0,few hours a day,1.0,19.0,1.0,female,city,Less than 21
5.0,2.0,4.0,1.0,2.0,1.0,4.0,3.0,2.0,most of the day,2.0,,,male,city,21+
5.0,3.0,,,1.0,5.0,5.0,3.0,3.0,most of the day,2.0,20.0,1.0,female,city,Less than 21
5.0,4.0,5.0,3.0,1.0,3.0,1.0,4.0,1.0,few hours a day,5.0,21.0,1.0,male,city,21+
1.0,3.0,4.0,2.0,1.0,2.0,5.0,3.0,3.0,few hours a day,2.0,19.0,1.0,female,village,Less than 21
5.0,,5.0,5.0,1.0,4.0,1.0,3.0,2.0,few hours a day,5.0,21.0,1.0,male,city,21+
5.0,1.0,5.0,4.0,5.0,3.0,2.0,4.0,4.0,most of the day,4.0,18.0,2.0,male,city,Less than 21
4.0,3.0,4.0,3.0,4.0,1.0,2.0,2.0,4.0,few hours a day,4.0,20.0,3.0,male,village,Less than 21
2.0,1.0,3.0,2.0,5.0,1.0,1.0,3.0,3.0,few hours a day,3.0,19.0,5.0,male,city,Less than 21
5.0,1.0,5.0,2.0,3.0,1.0,5.0,2.0,3.0,few hours a day,3.0,22.0,1.0,female,city,21+
5.0,2.0,5.0,4.0,2.0,3.0,3.0,3.0,3.0,few hours a day,4.0,20.0,1.0,male,city,Less than 21
5.0,2.0,5.0,5.0,2.0,4.0,2.0,5.0,4.0,few hours a day,2.0,25.0,2.0,male,city,21+
2.0,3.0,3.0,5.0,1.0,1.0,5.0,4.0,4.0,few hours a day,3.0,21.0,0.0,female,city,21+
5.0,1.0,4.0,5.0,3.0,3.0,5.0,2.0,3.0,few hours a day,4.0,24.0,1.0,male,city,21+
5.0,2.0,4.0,4.0,3.0,4.0,2.0,5.0,5.0,few hours a day,5.0,19.0,1.0,female,city,Less than 21
5.0,1.0,5.0,5.0,1.0,4.0,1.0,5.0,3.0,few hours a day,4.0,25.0,1.0,male,city,21+
5.0,1.0,5.0,3.0,2.0,2.0,2.0,2.0,4.0,most of the day,4.0,26.0,2.0,male,village,21+
5.0,5.0,5.0,1.0,3.0,5.0,5.0,5.0,3.0,few hours a day,2.0,15.0,2.0,female,village,Less than 21
5.0,3.0,5.0,4.0,3.0,5.0,2.0,2.0,3.0,few hours a day,3.0,20.0,1.0,male,city,Less than 21
5.0,3.0,5.0,4.0,5.0,1.0,1.0,3.0,2.0,few hours a day,3.0,19.0,1.0,male,city,Less than 21
5.0,3.0,5.0,2.0,1.0,5.0,4.0,5.0,3.0,few hours a day,3.0,20.0,2.0,female,city,Less than 21
4.0,1.0,4.0,5.0,1.0,2.0,2.0,3.0,2.0,few hours a day,4.0,21.0,0.0,male,city,21+
5.0,5.0,4.0,5.0,1.0,1.0,4.0,4.0,4.0,most of the day,3.0,22.0,1.0,male,city,21+
5.0,3.0,5.0,3.0,1.0,4.0,2.0,3.0,4.0,most of the day,2.0,20.0,1.0,male,village,Less than 21
5.0,2.0,5.0,3.0,2.0,2.0,4.0,1.0,5.0,few hours a day,3.0,20.0,1.0,female,city,Less than 21
5.0,1.0,4.0,2.0,2.0,1.0,4.0,3.0,4.0,few hours a day,5.0,21.0,1.0,female,city,21+
3.0,3.0,3.0,3.0,1.0,4.0,4.0,4.0,2.0,few hours a day,4.0,21.0,1.0,male,village,21+
5.0,1.0,5.0,3.0,1.0,1.0,1.0,5.0,3.0,most of the day,3.0,20.0,0.0,female,city,Less than 21
5.0,1.0,5.0,4.0,1.0,4.0,5.0,4.0,3.0,few hours a day,5.0,19.0,2.0,female,village,Less than 21
4.0,1.0,3.0,5.0,5.0,4.0,3.0,4.0,4.0,few hours a day,5.0,19.0,1.0,male,city,Less than 21
5.0,1.0,5.0,4.0,1.0,1.0,1.0,4.0,3.0,few hours a day,3.0,20.0,0.0,male,city,Less than 21
5.0,1.0,3.0,5.0,3.0,3.0,1.0,5.0,4.0,most of the day,4.0,22.0,1.0,male,village,21+
5.0,5.0,5.0,3.0,4.0,5.0,2.0,4.0,4.0,most of the day,3.0,21.0,1.0,male,city,21+
5.0,1.0,5.0,5.0,1.0,3.0,5.0,3.0,3.0,few hours a day,3.0,26.0,0.0,male,city,21+
5.0,2.0,4.0,1.0,1.0,5.0,3.0,3.0,3.0,few hours a day,5.0,17.0,2.0,female,city,Less than 21
5.0,2.0,5.0,1.0,5.0,4.0,1.0,2.0,4.0,less than an hour a day,4.0,22.0,2.0,male,village,21+
5.0,1.0,5.0,3.0,1.0,5.0,1.0,3.0,3.0,few hours a day,3.0,26.0,2.0,male,city,21+
4.0,1.0,3.0,4.0,3.0,3.0,2.0,3.0,3.0,few hours a day,4.0,20.0,1.0,female,city,Less than 21
4.0,4.0,4.0,5.0,2.0,4.0,5.0,2.0,3.0,few hours a day,5.0,22.0,1.0,male,city,21+
4.0,1.0,4.0,4.0,4.0,1.0,1.0,3.0,2.0,few hours a day,4.0,21.0,0.0,male,city,21+
5.0,3.0,4.0,4.0,2.0,2.0,1.0,2.0,4.0,few hours a day,3.0,23.0,0.0,male,city,21+
5.0,1.0,5.0,3.0,2.0,5.0,5.0,2.0,4.0,few hours a day,2.0,19.0,0.0,female,city,Less than 21
5.0,4.0,5.0,5.0,2.0,5.0,3.0,2.0,2.0,few hours a day,4.0,20.0,1.0,male,city,Less than 21
5.0,1.0,5.0,3.0,1.0,2.0,2.0,5.0,3.0,few hours a day,2.0,21.0,0.0,female,city,21+
3.0,3.0,5.0,2.0,5.0,5.0,3.0,2.0,3.0,less than an hour a day,3.0,19.0,2.0,female,city,Less than 21
4.0,2.0,4.0,3.0,1.0,4.0,5.0,2.0,3.0,less than an hour a day,3.0,29.0,2.0,female,city,21+
5.0,5.0,4.0,5.0,1.0,2.0,1.0,5.0,3.0,few hours a day,2.0,22.0,1.0,female,city,21+
3.0,1.0,2.0,4.0,1.0,,2.0,2.0,4.0,less than an hour a day,5.0,19.0,2.0,female,village,Less than 21
5.0,1.0,5.0,4.0,3.0,1.0,3.0,4.0,3.0,few hours a day,4.0,17.0,1.0,female,city,Less than 21
4.0,2.0,4.0,3.0,5.0,2.0,5.0,4.0,4.0,few hours a day,4.0,16.0,1.0,female,city,Less than 21
5.0,1.0,4.0,3.0,1.0,2.0,1.0,2.0,5.0,less than an hour a day,1.0,29.0,2.0,female,village,21+
5.0,4.0,5.0,3.0,1.0,5.0,5.0,5.0,3.0,few hours a day,5.0,18.0,2.0,female,city,Less than 21
5.0,1.0,5.0,3.0,1.0,5.0,1.0,3.0,3.0,few hours a day,3.0,26.0,2.0,male,city,21+
5.0,1.0,5.0,2.0,1.0,1.0,3.0,3.0,4.0,few hours a day,3.0,19.0,1.0,male,city,Less than 21
5.0,1.0,4.0,3.0,1.0,1.0,5.0,3.0,3.0,few hours a day,2.0,19.0,1.0,male,city,Less than 21
5.0,3.0,5.0,4.0,1.0,1.0,4.0,2.0,3.0,few hours a day,4.0,20.0,0.0,female,city,Less than 21
5.0,1.0,5.0,2.0,1.0,4.0,4.0,3.0,4.0,few hours a day,3.0,22.0,0.0,female,city,21+
5.0,2.0,3.0,4.0,1.0,4.0,5.0,1.0,2.0,few hours a day,1.0,20.0,1.0,male,village,Less than 21
5.0,4.0,4.0,2.0,1.0,3.0,2.0,3.0,2.0,less than an hour a day,1.0,21.0,1.0,male,village,21+
4.0,2.0,5.0,3.0,1.0,5.0,1.0,5.0,2.0,most of the day,4.0,21.0,2.0,male,city,21+
5.0,2.0,5.0,4.0,1.0,5.0,1.0,3.0,4.0,few hours a day,2.0,18.0,0.0,,village,Less than 21
5.0,4.0,5.0,2.0,1.0,4.0,4.0,3.0,2.0,few hours a day,3.0,15.0,0.0,male,city,Less than 21
5.0,3.0,5.0,2.0,3.0,3.0,2.0,3.0,3.0,few hours a day,3.0,19.0,1.0,female,city,Less than 21
5.0,1.0,5.0,1.0,4.0,3.0,4.0,3.0,3.0,few hours a day,3.0,24.0,1.0,female,city,21+
5.0,1.0,5.0,5.0,1.0,2.0,1.0,3.0,4.0,few hours a day,5.0,19.0,1.0,female,city,Less than 21
5.0,1.0,5.0,5.0,4.0,3.0,3.0,3.0,2.0,few hours a day,4.0,25.0,3.0,male,village,21+
5.0,1.0,5.0,5.0,1.0,5.0,5.0,4.0,4.0,few hours a day,4.0,20.0,1.0,female,city,Less than 21
5.0,1.0,3.0,3.0,1.0,5.0,5.0,3.0,3.0,less than an hour a day,1.0,19.0,2.0,female,village,Less than 21
5.0,2.0,5.0,4.0,4.0,3.0,5.0,4.0,2.0,few hours a day,5.0,21.0,1.0,male,village,21+
5.0,5.0,5.0,5.0,4.0,5.0,5.0,3.0,5.0,few hours a day,3.0,23.0,2.0,male,village,21+
5.0,4.0,5.0,1.0,1.0,4.0,5.0,3.0,4.0,few hours a day,2.0,21.0,1.0,female,village,21+
5.0,2.0,5.0,5.0,5.0,1.0,4.0,2.0,3.0,most of the day,3.0,20.0,1.0,male,city,Less than 21
5.0,5.0,5.0,3.0,3.0,4.0,3.0,4.0,4.0,few hours a day,5.0,20.0,1.0,female,village,Less than 21
4.0,1.0,5.0,4.0,3.0,3.0,5.0,4.0,3.0,less than an hour a day,3.0,18.0,3.0,female,city,Less than 21
1.0,1.0,4.0,3.0,1.0,1.0,1.0,2.0,3.0,few hours a day,1.0,27.0,2.0,male,city,21+
5.0,2.0,4.0,3.0,3.0,1.0,4.0,3.0,3.0,few hours a day,3.0,17.0,0.0,female,city,Less than 21
5.0,2.0,5.0,2.0,2.0,5.0,5.0,3.0,1.0,few hours a day,3.0,19.0,1.0,female,village,Less than 21
5.0,3.0,5.0,2.0,2.0,5.0,1.0,4.0,4.0,few hours a day,2.0,18.0,2.0,male,village,Less than 21
5.0,5.0,5.0,5.0,1.0,,1.0,2.0,5.0,less than an hour a day,,26.0,1.0,male,city,21+
5.0,1.0,5.0,3.0,1.0,5.0,2.0,2.0,4.0,few hours a day,2.0,18.0,2.0,male,village,Less than 21
5.0,4.0,5.0,3.0,4.0,4.0,2.0,2.0,2.0,few hours a day,1.0,30.0,2.0,male,city,21+
5.0,1.0,5.0,2.0,2.0,1.0,2.0,5.0,4.0,few hours a day,4.0,24.0,1.0,female,city,21+
5.0,2.0,5.0,4.0,3.0,5.0,1.0,2.0,2.0,few hours a day,4.0,20.0,0.0,female,village,Less than 21
5.0,1.0,5.0,2.0,1.0,1.0,1.0,4.0,2.0,few hours a day,4.0,20.0,1.0,male,village,Less than 21
5.0,2.0,5.0,3.0,4.0,3.0,4.0,3.0,3.0,few hours a day,3.0,20.0,1.0,male,village,Less than 21
5.0,3.0,5.0,2.0,1.0,5.0,1.0,5.0,4.0,few hours a day,3.0,25.0,1.0,,village,21+
5.0,1.0,5.0,5.0,3.0,3.0,1.0,1.0,2.0,few hours a day,2.0,19.0,3.0,female,village,Less than 21
4.0,2.0,5.0,3.0,3.0,5.0,1.0,3.0,4.0,few hours a day,5.0,20.0,2.0,female,village,Less than 21
4.0,3.0,3.0,2.0,4.0,1.0,1.0,2.0,4.0,few hours a day,1.0,21.0,5.0,male,village,21+
5.0,2.0,4.0,4.0,3.0,4.0,5.0,2.0,4.0,few hours a day,3.0,19.0,1.0,female,village,Less than 21
5.0,1.0,5.0,2.0,2.0,5.0,1.0,3.0,4.0,few hours a day,5.0,19.0,0.0,female,village,Less than 21
5.0,3.0,5.0,1.0,4.0,1.0,2.0,5.0,3.0,few hours a day,4.0,19.0,2.0,female,village,Less than 21
4.0,4.0,5.0,1.0,1.0,5.0,4.0,2.0,3.0,few hours a day,4.0,18.0,1.0,female,city,Less than 21
4.0,1.0,3.0,1.0,5.0,5.0,4.0,4.0,4.0,few hours a day,5.0,18.0,1.0,female,village,Less than 21
5.0,1.0,5.0,5.0,1.0,3.0,2.0,3.0,3.0,few hours a day,3.0,16.0,0.0,female,city,Less than 21
1.0,1.0,5.0,5.0,3.0,5.0,1.0,2.0,4.0,less than an hour a day,3.0,19.0,0.0,female,city,Less than 21
5.0,3.0,4.0,2.0,4.0,5.0,5.0,2.0,2.0,few hours a day,3.0,18.0,3.0,female,city,Less than 21
5.0,1.0,5.0,2.0,2.0,3.0,4.0,2.0,2.0,few hours a day,1.0,19.0,2.0,female,city,Less than 21
5.0,2.0,5.0,4.0,1.0,4.0,5.0,2.0,3.0,less than an hour a day,3.0,21.0,1.0,female,city,21+
3.0,2.0,3.0,3.0,2.0,3.0,3.0,3.0,2.0,few hours a day,2.0,21.0,1.0,male,city,21+
5.0,1.0,5.0,3.0,4.0,5.0,5.0,2.0,5.0,few hours a day,5.0,18.0,1.0,female,city,Less than 21
3.0,1.0,5.0,3.0,1.0,2.0,,3.0,4.0,less than an hour a day,5.0,21.0,0.0,female,city,21+
,1.0,5.0,4.0,4.0,1.0,1.0,5.0,4.0,few hours a day,5.0,17.0,0.0,female,city,Less than 21
5.0,2.0,5.0,1.0,1.0,5.0,5.0,2.0,3.0,most of the day,3.0,20.0,0.0,female,city,Less than 21
5.0,1.0,5.0,3.0,1.0,5.0,1.0,3.0,3.0,less than an hour a day,1.0,19.0,1.0,female,city,Less than 21
5.0,1.0,5.0,5.0,5.0,5.0,4.0,2.0,3.0,few hours a day,4.0,27.0,0.0,male,city,21+
5.0,2.0,5.0,3.0,1.0,1.0,2.0,3.0,3.0,few hours a day,3.0,22.0,2.0,female,city,21+
5.0,3.0,5.0,5.0,2.0,3.0,3.0,3.0,4.0,few hours a day,3.0,19.0,2.0,female,city,Less than 21
5.0,2.0,5.0,4.0,1.0,5.0,5.0,3.0,4.0,no time at all,3.0,19.0,3.0,female,village,Less than 21
5.0,2.0,5.0,1.0,1.0,1.0,1.0,3.0,4.0,few hours a day,4.0,20.0,0.0,female,city,Less than 21
5.0,5.0,5.0,2.0,1.0,5.0,1.0,2.0,3.0,few hours a day,3.0,19.0,2.0,female,village,Less than 21
5.0,2.0,5.0,3.0,1.0,5.0,4.0,5.0,3.0,few hours a day,5.0,20.0,0.0,female,village,Less than 21
5.0,1.0,3.0,1.0,1.0,1.0,3.0,4.0,2.0,few hours a day,3.0,17.0,2.0,female,city,Less than 21
5.0,3.0,5.0,2.0,2.0,5.0,5.0,5.0,3.0,few hours a day,3.0,23.0,2.0,female,village,21+
5.0,1.0,5.0,2.0,2.0,3.0,3.0,3.0,4.0,few hours a day,5.0,20.0,2.0,female,city,Less than 21
5.0,1.0,3.0,3.0,1.0,1.0,5.0,1.0,3.0,few hours a day,1.0,20.0,1.0,female,city,Less than 21
5.0,5.0,5.0,4.0,5.0,1.0,2.0,2.0,3.0,few hours a day,4.0,19.0,2.0,male,city,Less than 21
5.0,1.0,5.0,2.0,4.0,2.0,1.0,2.0,2.0,most of the day,4.0,20.0,1.0,female,city,Less than 21
2.0,1.0,3.0,5.0,1.0,1.0,1.0,3.0,3.0,few hours a day,4.0,19.0,4.0,male,village,Less than 21
3.0,3.0,3.0,3.0,1.0,3.0,3.0,3.0,3.0,few hours a day,3.0,19.0,0.0,male,city,Less than 21
5.0,1.0,5.0,3.0,4.0,5.0,3.0,4.0,3.0,few hours a day,2.0,18.0,1.0,female,city,Less than 21
5.0,3.0,4.0,3.0,3.0,3.0,4.0,5.0,4.0,few hours a day,3.0,19.0,1.0,female,city,Less than 21
5.0,3.0,5.0,1.0,3.0,3.0,4.0,1.0,3.0,few hours a day,1.0,15.0,3.0,female,city,Less than 21
3.0,3.0,5.0,2.0,2.0,5.0,4.0,3.0,3.0,few hours a day,3.0,19.0,1.0,female,village,Less than 21
5.0,1.0,5.0,1.0,2.0,5.0,4.0,3.0,3.0,most of the day,5.0,15.0,1.0,female,city,Less than 21
5.0,1.0,5.0,3.0,4.0,4.0,3.0,4.0,4.0,few hours a day,2.0,19.0,1.0,female,city,Less than 21
5.0,2.0,4.0,4.0,3.0,5.0,1.0,1.0,2.0,few hours a day,3.0,21.0,2.0,female,city,21+
5.0,1.0,4.0,1.0,5.0,5.0,5.0,2.0,3.0,few hours a day,4.0,19.0,2.0,female,city,Less than 21
5.0,2.0,5.0,3.0,2.0,3.0,2.0,3.0,2.0,few hours a day,4.0,17.0,1.0,female,village,Less than 21
5.0,2.0,5.0,3.0,1.0,5.0,5.0,3.0,3.0,few hours a day,2.0,23.0,1.0,female,city,21+
5.0,1.0,5.0,4.0,2.0,5.0,2.0,2.0,3.0,less than an hour a day,4.0,24.0,0.0,male,village,21+
5.0,1.0,5.0,3.0,3.0,5.0,2.0,3.0,3.0,less than an hour a day,4.0,19.0,1.0,female,city,Less than 21
5.0,4.0,5.0,3.0,2.0,1.0,4.0,3.0,4.0,few hours a day,3.0,19.0,2.0,female,city,Less than 21
5.0,2.0,4.0,5.0,1.0,4.0,4.0,2.0,2.0,few hours a day,4.0,22.0,0.0,female,city,21+
5.0,4.0,5.0,5.0,2.0,2.0,4.0,4.0,2.0,few hours a day,2.0,20.0,1.0,female,city,Less than 21
5.0,1.0,5.0,4.0,3.0,1.0,3.0,4.0,3.0,few hours a day,1.0,21.0,2.0,female,village,21+
5.0,2.0,5.0,5.0,2.0,1.0,5.0,4.0,3.0,few hours a day,4.0,19.0,0.0,male,city,Less than 21
5.0,3.0,5.0,4.0,3.0,5.0,1.0,3.0,4.0,few hours a day,3.0,19.0,2.0,male,village,Less than 21
5.0,2.0,4.0,3.0,1.0,5.0,2.0,4.0,3.0,few hours a day,3.0,20.0,1.0,female,city,Less than 21
5.0,5.0,4.0,3.0,1.0,4.0,5.0,5.0,3.0,few hours a day,3.0,18.0,1.0,female,city,Less than 21
5.0,3.0,4.0,2.0,1.0,5.0,2.0,4.0,3.0,few hours a day,2.0,19.0,1.0,male,city,Less than 21
5.0,1.0,3.0,1.0,1.0,5.0,5.0,3.0,3.0,less than an hour a day,4.0,20.0,2.0,female,city,Less than 21
5.0,3.0,5.0,2.0,5.0,1.0,1.0,1.0,3.0,few hours a day,3.0,22.0,1.0,male,city,21+
1.0,1.0,5.0,2.0,4.0,4.0,3.0,1.0,3.0,most of the day,5.0,20.0,2.0,male,city,Less than 21
5.0,1.0,5.0,2.0,2.0,5.0,5.0,2.0,3.0,few hours a day,4.0,20.0,2.0,female,city,Less than 21
5.0,1.0,5.0,4.0,1.0,5.0,4.0,3.0,1.0,few hours a day,2.0,27.0,1.0,female,city,21+
5.0,3.0,5.0,4.0,1.0,4.0,5.0,3.0,3.0,few hours a day,3.0,19.0,1.0,female,city,Less than 21
5.0,5.0,4.0,2.0,1.0,3.0,3.0,3.0,3.0,few hours a day,3.0,22.0,2.0,male,city,21+
5.0,2.0,4.0,5.0,1.0,4.0,1.0,2.0,2.0,most of the day,1.0,19.0,0.0,male,city,Less than 21
4.0,1.0,5.0,4.0,1.0,2.0,1.0,4.0,4.0,few hours a day,1.0,20.0,1.0,female,city,Less than 21
4.0,2.0,4.0,4.0,2.0,3.0,2.0,2.0,3.0,few hours a day,3.0,20.0,1.0,male,village,Less than 21
5.0,2.0,5.0,3.0,1.0,5.0,4.0,3.0,4.0,few hours a day,4.0,21.0,1.0,female,city,21+
5.0,1.0,5.0,4.0,5.0,5.0,2.0,4.0,1.0,few hours a day,3.0,16.0,1.0,female,village,Less than 21
5.0,1.0,3.0,5.0,1.0,5.0,5.0,4.0,2.0,less than an hour a day,3.0,19.0,1.0,female,city,Less than 21
5.0,1.0,5.0,3.0,1.0,5.0,3.0,2.0,4.0,few hours a day,3.0,18.0,1.0,female,village,Less than 21
5.0,5.0,5.0,4.0,4.0,4.0,1.0,1.0,3.0,few hours a day,1.0,23.0,1.0,male,city,21+
5.0,4.0,5.0,1.0,3.0,3.0,1.0,4.0,3.0,few hours a day,2.0,19.0,0.0,male,village,Less than 21
5.0,2.0,5.0,3.0,1.0,5.0,3.0,3.0,3.0,less than an hour a day,4.0,19.0,0.0,female,city,Less than 21
5.0,1.0,5.0,3.0,1.0,4.0,5.0,2.0,4.0,few hours a day,3.0,22.0,1.0,female,city,21+
5.0,1.0,3.0,3.0,3.0,2.0,1.0,2.0,3.0,most of the day,4.0,18.0,1.0,female,city,Less than 21
4.0,1.0,5.0,5.0,2.0,3.0,1.0,2.0,4.0,few hours a day,4.0,20.0,1.0,male,city,Less than 21
5.0,1.0,5.0,3.0,1.0,1.0,1.0,3.0,4.0,less than an hour a day,3.0,19.0,1.0,female,village,Less than 21
4.0,1.0,5.0,4.0,5.0,5.0,4.0,4.0,4.0,few hours a day,4.0,25.0,1.0,female,city,21+
5.0,1.0,5.0,4.0,1.0,1.0,3.0,3.0,1.0,few hours a day,3.0,18.0,2.0,female,city,Less than 21
5.0,1.0,5.0,5.0,4.0,5.0,2.0,3.0,3.0,few hours a day,2.0,20.0,0.0,female,city,Less than 21
5.0,4.0,5.0,3.0,4.0,5.0,5.0,4.0,4.0,few hours a day,4.0,15.0,1.0,female,city,Less than 21
5.0,1.0,5.0,2.0,5.0,1.0,5.0,5.0,4.0,few hours a day,4.0,19.0,2.0,female,city,Less than 21
5.0,4.0,4.0,3.0,2.0,3.0,3.0,3.0,4.0,few hours a day,3.0,19.0,2.0,female,city,Less than 21
5.0,2.0,4.0,2.0,3.0,1.0,1.0,2.0,3.0,few hours a day,3.0,16.0,0.0,female,village,Less than 21
5.0,5.0,3.0,1.0,2.0,5.0,3.0,4.0,4.0,few hours a day,3.0,19.0,1.0,male,city,Less than 21
5.0,2.0,5.0,5.0,3.0,2.0,5.0,3.0,4.0,few hours a day,3.0,18.0,0.0,female,city,Less than 21
2.0,2.0,5.0,2.0,2.0,3.0,2.0,3.0,3.0,few hours a day,2.0,15.0,1.0,male,city,Less than 21
5.0,2.0,5.0,3.0,1.0,3.0,5.0,2.0,4.0,few hours a day,3.0,20.0,1.0,female,city,Less than 21
5.0,5.0,5.0,5.0,5.0,5.0,2.0,2.0,4.0,few hours a day,3.0,20.0,2.0,male,village,Less than 21
5.0,1.0,4.0,4.0,1.0,1.0,5.0,3.0,4.0,few hours a day,1.0,20.0,1.0,male,city,Less than 21
5.0,4.0,4.0,3.0,2.0,5.0,3.0,2.0,3.0,less than an hour a day,3.0,20.0,1.0,female,city,Less than 21
5.0,4.0,5.0,1.0,3.0,5.0,1.0,3.0,4.0,few hours a day,3.0,19.0,2.0,male,city,Less than 21
5.0,2.0,5.0,3.0,3.0,5.0,5.0,3.0,3.0,less than an hour a day,3.0,16.0,0.0,female,city,Less than 21
5.0,3.0,5.0,3.0,1.0,3.0,5.0,1.0,5.0,few hours a day,3.0,18.0,1.0,female,city,Less than 21
5.0,4.0,5.0,5.0,3.0,3.0,1.0,3.0,4.0,few hours a day,5.0,20.0,0.0,male,village,Less than 21
5.0,3.0,5.0,4.0,1.0,5.0,5.0,3.0,4.0,few hours a day,2.0,16.0,0.0,female,city,Less than 21
5.0,1.0,4.0,5.0,1.0,5.0,2.0,2.0,4.0,few hours a day,2.0,18.0,1.0,female,city,Less than 21
5.0,1.0,3.0,2.0,3.0,5.0,4.0,4.0,3.0,few hours a day,4.0,20.0,1.0,male,village,Less than 21
5.0,2.0,5.0,1.0,2.0,3.0,2.0,3.0,4.0,few hours a day,3.0,18.0,1.0,female,city,Less than 21
5.0,4.0,4.0,5.0,1.0,5.0,2.0,3.0,4.0,less than an hour a day,4.0,19.0,1.0,male,village,Less than 21
5.0,3.0,5.0,4.0,4.0,4.0,1.0,1.0,4.0,few hours a day,3.0,19.0,0.0,female,city,Less than 21
5.0,1.0,5.0,3.0,2.0,5.0,5.0,3.0,3.0,few hours a day,5.0,20.0,1.0,female,city,Less than 21
5.0,1.0,5.0,1.0,5.0,1.0,1.0,3.0,3.0,few hours a day,5.0,18.0,0.0,male,city,Less than 21
5.0,3.0,5.0,3.0,2.0,4.0,2.0,5.0,3.0,few hours a day,2.0,17.0,1.0,female,city,Less than 21
5.0,3.0,5.0,4.0,1.0,5.0,5.0,2.0,3.0,few hours a day,3.0,22.0,0.0,female,city,21+
5.0,4.0,5.0,2.0,3.0,5.0,3.0,3.0,3.0,few hours a day,3.0,17.0,1.0,male,village,Less than 21
4.0,1.0,5.0,3.0,4.0,5.0,3.0,5.0,4.0,few hours a day,5.0,22.0,2.0,female,village,21+
5.0,2.0,4.0,5.0,3.0,5.0,3.0,3.0,5.0,few hours a day,3.0,16.0,1.0,female,city,Less than 21
5.0,1.0,5.0,4.0,1.0,2.0,4.0,5.0,4.0,few hours a day,4.0,24.0,1.0,female,city,21+
5.0,4.0,5.0,5.0,3.0,3.0,1.0,4.0,2.0,few hours a day,3.0,17.0,1.0,male,city,Less than 21
5.0,4.0,5.0,1.0,5.0,4.0,5.0,2.0,4.0,few hours a day,5.0,17.0,1.0,male,city,Less than 21
5.0,5.0,5.0,3.0,4.0,5.0,3.0,2.0,1.0,few hours a day,1.0,17.0,2.0,male,city,Less than 21
5.0,2.0,5.0,2.0,3.0,1.0,2.0,4.0,3.0,few hours a day,1.0,15.0,3.0,female,city,Less than 21
5.0,1.0,5.0,5.0,1.0,5.0,2.0,3.0,4.0,few hours a day,2.0,18.0,2.0,female,city,Less than 21
5.0,1.0,4.0,5.0,1.0,1.0,5.0,2.0,3.0,few hours a day,4.0,18.0,2.0,female,village,Less than 21
5.0,5.0,5.0,3.0,1.0,2.0,5.0,5.0,2.0,most of the day,1.0,16.0,1.0,male,village,Less than 21
5.0,3.0,3.0,2.0,4.0,5.0,5.0,2.0,4.0,most of the day,3.0,20.0,1.0,female,city,Less than 21
5.0,1.0,4.0,2.0,1.0,5.0,3.0,3.0,4.0,less than an hour a day,3.0,29.0,2.0,female,city,21+
5.0,1.0,4.0,1.0,1.0,1.0,3.0,2.0,4.0,few hours a day,5.0,24.0,3.0,female,village,21+
4.0,3.0,4.0,3.0,3.0,4.0,1.0,3.0,3.0,less than an hour a day,4.0,18.0,0.0,female,city,Less than 21
5.0,4.0,5.0,5.0,1.0,5.0,1.0,2.0,3.0,few hours a day,1.0,17.0,1.0,male,city,Less than 21
5.0,2.0,5.0,2.0,2.0,1.0,2.0,4.0,3.0,most of the day,1.0,18.0,1.0,male,city,Less than 21
5.0,2.0,5.0,3.0,3.0,4.0,5.0,3.0,3.0,few hours a day,2.0,16.0,1.0,male,city,Less than 21
5.0,4.0,5.0,3.0,2.0,5.0,5.0,2.0,4.0,few hours a day,3.0,17.0,2.0,female,city,Less than 21
2.0,2.0,5.0,2.0,2.0,3.0,1.0,2.0,3.0,most of the day,3.0,20.0,2.0,male,city,Less than 21
5.0,1.0,5.0,3.0,5.0,5.0,5.0,3.0,4.0,few hours a day,4.0,16.0,1.0,female,village,Less than 21
5.0,1.0,5.0,1.0,1.0,2.0,3.0,4.0,3.0,few hours a day,3.0,19.0,1.0,male,city,Less than 21
5.0,1.0,5.0,4.0,2.0,3.0,3.0,4.0,4.0,few hours a day,3.0,18.0,1.0,female,city,Less than 21
5.0,3.0,5.0,3.0,4.0,4.0,3.0,1.0,5.0,few hours a day,4.0,20.0,1.0,female,city,Less than 21
5.0,2.0,5.0,4.0,4.0,1.0,5.0,3.0,5.0,few hours a day,4.0,19.0,1.0,male,city,Less than 21
4.0,2.0,4.0,5.0,5.0,3.0,1.0,1.0,3.0,few hours a day,3.0,18.0,1.0,male,city,Less than 21
5.0,3.0,4.0,1.0,3.0,5.0,5.0,3.0,4.0,few hours a day,2.0,21.0,0.0,male,city,21+
4.0,2.0,5.0,5.0,2.0,5.0,4.0,3.0,4.0,less than an hour a day,4.0,19.0,2.0,male,city,Less than 21
5.0,2.0,5.0,5.0,1.0,5.0,5.0,3.0,3.0,few hours a day,1.0,20.0,2.0,female,city,Less than 21
5.0,1.0,5.0,4.0,5.0,2.0,2.0,4.0,4.0,few hours a day,3.0,23.0,1.0,female,city,21+
5.0,1.0,5.0,4.0,1.0,5.0,1.0,1.0,3.0,less than an hour a day,4.0,19.0,1.0,female,village,Less than 21
5.0,2.0,5.0,5.0,1.0,3.0,5.0,3.0,4.0,few hours a day,5.0,19.0,2.0,female,city,Less than 21
5.0,1.0,5.0,5.0,1.0,3.0,5.0,3.0,4.0,few hours a day,5.0,19.0,2.0,female,city,Less than 21
2.0,2.0,5.0,3.0,2.0,1.0,4.0,4.0,4.0,few hours a day,4.0,20.0,2.0,male,city,Less than 21
5.0,2.0,5.0,5.0,1.0,1.0,1.0,2.0,3.0,few hours a day,3.0,24.0,5.0,male,village,21+
5.0,3.0,5.0,1.0,5.0,1.0,1.0,3.0,5.0,most of the day,4.0,19.0,1.0,male,city,Less than 21
5.0,3.0,5.0,5.0,1.0,3.0,1.0,3.0,4.0,few hours a day,5.0,20.0,2.0,male,village,Less than 21
5.0,,5.0,3.0,1.0,5.0,1.0,3.0,4.0,few hours a day,4.0,18.0,1.0,female,,Less than 21
5.0,5.0,4.0,4.0,4.0,5.0,2.0,2.0,3.0,less than an hour a day,4.0,17.0,1.0,male,village,Less than 21
5.0,1.0,5.0,4.0,2.0,5.0,5.0,2.0,3.0,few hours a day,3.0,19.0,2.0,female,village,Less than 21
5.0,2.0,5.0,2.0,5.0,3.0,2.0,1.0,3.0,few hours a day,3.0,19.0,4.0,female,village,Less than 21
4.0,4.0,4.0,3.0,1.0,1.0,1.0,2.0,2.0,most of the day,3.0,20.0,2.0,male,city,Less than 21
5.0,1.0,5.0,5.0,1.0,1.0,2.0,4.0,3.0,most of the day,4.0,20.0,0.0,male,city,Less than 21
5.0,3.0,5.0,2.0,1.0,5.0,5.0,4.0,4.0,few hours a day,1.0,21.0,1.0,female,city,21+
5.0,,5.0,2.0,3.0,1.0,5.0,2.0,3.0,few hours a day,4.0,20.0,2.0,female,city,Less than 21
5.0,1.0,5.0,2.0,1.0,5.0,5.0,2.0,4.0,few hours a day,1.0,20.0,1.0,female,city,Less than 21
5.0,1.0,5.0,3.0,5.0,4.0,1.0,4.0,3.0,few hours a day,3.0,17.0,0.0,female,village,Less than 21
5.0,3.0,5.0,4.0,5.0,5.0,2.0,2.0,4.0,few hours a day,2.0,20.0,2.0,female,city,Less than 21
5.0,2.0,5.0,3.0,3.0,3.0,2.0,3.0,4.0,few hours a day,3.0,25.0,2.0,male,city,21+
5.0,5.0,5.0,3.0,2.0,4.0,2.0,2.0,3.0,most of the day,4.0,20.0,1.0,female,city,Less than 21
5.0,1.0,5.0,5.0,2.0,5.0,2.0,1.0,3.0,few hours a day,2.0,21.0,1.0,female,city,21+
5.0,4.0,5.0,4.0,1.0,5.0,5.0,2.0,4.0,few hours a day,2.0,21.0,0.0,female,village,21+
5.0,2.0,5.0,1.0,5.0,1.0,2.0,2.0,3.0,most of the day,3.0,22.0,1.0,male,city,21+
5.0,1.0,2.0,2.0,5.0,1.0,5.0,4.0,3.0,few hours a day,2.0,19.0,1.0,female,city,Less than 21
5.0,3.0,5.0,3.0,3.0,1.0,1.0,3.0,2.0,few hours a day,2.0,25.0,1.0,male,city,21+
5.0,4.0,4.0,2.0,3.0,2.0,2.0,3.0,3.0,few hours a day,4.0,19.0,0.0,female,city,Less than 21
5.0,2.0,5.0,2.0,2.0,5.0,1.0,3.0,3.0,few hours a day,4.0,25.0,2.0,female,city,21+
5.0,3.0,5.0,3.0,4.0,5.0,5.0,2.0,3.0,few hours a day,3.0,25.0,1.0,female,city,21+
5.0,1.0,5.0,2.0,2.0,3.0,2.0,3.0,5.0,few hours a day,4.0,21.0,0.0,female,city,21+
4.0,3.0,5.0,5.0,3.0,2.0,2.0,1.0,4.0,few hours a day,4.0,20.0,2.0,male,city,Less than 21
4.0,1.0,4.0,4.0,4.0,2.0,3.0,3.0,4.0,few hours a day,3.0,24.0,2.0,female,city,21+
5.0,2.0,5.0,3.0,3.0,1.0,3.0,4.0,3.0,less than an hour a day,4.0,30.0,2.0,female,city,21+
5.0,1.0,5.0,5.0,1.0,3.0,1.0,3.0,3.0,few hours a day,4.0,21.0,1.0,male,city,21+
5.0,1.0,4.0,1.0,4.0,3.0,5.0,3.0,1.0,few hours a day,3.0,27.0,3.0,male,city,21+
5.0,5.0,5.0,4.0,4.0,1.0,1.0,3.0,2.0,few hours a day,3.0,21.0,1.0,male,city,21+
5.0,2.0,2.0,2.0,4.0,1.0,4.0,4.0,4.0,few hours a day,3.0,16.0,0.0,female,city,Less than 21
5.0,1.0,5.0,1.0,4.0,5.0,2.0,3.0,4.0,most of the day,3.0,21.0,1.0,female,village,21+
5.0,5.0,5.0,3.0,4.0,1.0,3.0,2.0,5.0,few hours a day,3.0,20.0,1.0,female,village,Less than 21
5.0,1.0,5.0,5.0,4.0,5.0,1.0,1.0,2.0,less than an hour a day,3.0,22.0,1.0,female,city,21+
5.0,4.0,5.0,5.0,5.0,1.0,2.0,2.0,3.0,most of the day,3.0,19.0,1.0,male,village,Less than 21
5.0,1.0,4.0,2.0,1.0,1.0,1.0,2.0,4.0,few hours a day,4.0,20.0,1.0,female,village,Less than 21
5.0,3.0,5.0,5.0,1.0,5.0,1.0,4.0,4.0,most of the day,3.0,25.0,1.0,male,city,21+
2.0,1.0,4.0,2.0,2.0,4.0,1.0,4.0,3.0,less than an hour a day,2.0,23.0,2.0,male,village,21+
5.0,5.0,5.0,2.0,2.0,5.0,2.0,4.0,3.0,few hours a day,5.0,20.0,2.0,female,village,Less than 21
4.0,2.0,4.0,5.0,2.0,3.0,3.0,3.0,4.0,few hours a day,3.0,20.0,1.0,female,city,Less than 21
5.0,4.0,5.0,1.0,1.0,1.0,1.0,1.0,3.0,less than an hour a day,4.0,21.0,1.0,female,village,21+
5.0,2.0,5.0,4.0,2.0,5.0,4.0,2.0,3.0,less than an hour a day,3.0,19.0,1.0,female,city,Less than 21
5.0,1.0,4.0,3.0,1.0,1.0,3.0,2.0,4.0,few hours a day,2.0,21.0,1.0,female,city,21+
5.0,4.0,5.0,1.0,3.0,3.0,5.0,5.0,2.0,few hours a day,3.0,16.0,0.0,female,city,Less than 21
5.0,1.0,5.0,3.0,4.0,5.0,1.0,2.0,3.0,few hours a day,3.0,20.0,1.0,male,village,Less than 21
5.0,2.0,5.0,5.0,1.0,3.0,5.0,2.0,4.0,few hours a day,2.0,18.0,0.0,female,city,Less than 21
5.0,5.0,2.0,4.0,1.0,5.0,1.0,5.0,3.0,less than an hour a day,3.0,21.0,1.0,female,city,21+
5.0,3.0,5.0,4.0,3.0,4.0,3.0,3.0,3.0,few hours a day,3.0,21.0,2.0,male,village,21+
5.0,2.0,5.0,4.0,3.0,3.0,4.0,1.0,3.0,few hours a day,3.0,18.0,2.0,male,city,Less than 21
5.0,3.0,5.0,1.0,1.0,1.0,5.0,5.0,3.0,few hours a day,1.0,19.0,1.0,female,village,Less than 21
4.0,4.0,,2.0,5.0,3.0,3.0,3.0,2.0,few hours a day,3.0,20.0,1.0,female,village,Less than 21
5.0,1.0,5.0,4.0,5.0,5.0,4.0,5.0,3.0,most of the day,2.0,18.0,1.0,male,village,Less than 21
5.0,1.0,5.0,1.0,1.0,5.0,5.0,2.0,3.0,less than an hour a day,3.0,18.0,1.0,female,village,Less than 21
5.0,3.0,3.0,3.0,1.0,2.0,1.0,2.0,3.0,less than an hour a day,3.0,23.0,0.0,female,village,21+
5.0,1.0,5.0,5.0,1.0,2.0,3.0,2.0,4.0,few hours a day,3.0,20.0,1.0,female,village,Less than 21
5.0,2.0,5.0,5.0,4.0,5.0,2.0,3.0,3.0,few hours a day,5.0,18.0,1.0,female,village,Less than 21
5.0,5.0,5.0,4.0,1.0,5.0,5.0,3.0,4.0,few hours a day,4.0,28.0,1.0,female,city,21+
5.0,2.0,4.0,2.0,1.0,5.0,2.0,2.0,3.0,few hours a day,5.0,24.0,1.0,female,village,21+
5.0,5.0,5.0,3.0,1.0,5.0,5.0,3.0,3.0,few hours a day,2.0,19.0,2.0,female,city,Less than 21
5.0,2.0,5.0,3.0,1.0,5.0,5.0,5.0,4.0,less than an hour a day,4.0,21.0,3.0,female,village,21+
5.0,1.0,4.0,1.0,1.0,1.0,5.0,1.0,2.0,less than an hour a day,3.0,22.0,1.0,female,city,21+
5.0,2.0,5.0,3.0,1.0,1.0,5.0,3.0,2.0,few hours a day,1.0,19.0,1.0,male,city,Less than 21
5.0,3.0,5.0,2.0,2.0,5.0,4.0,4.0,4.0,few hours a day,4.0,18.0,2.0,female,city,Less than 21
5.0,1.0,5.0,2.0,1.0,4.0,2.0,3.0,3.0,most of the day,3.0,21.0,0.0,female,city,21+
5.0,3.0,5.0,4.0,2.0,4.0,3.0,3.0,3.0,less than an hour a day,4.0,19.0,1.0,female,village,Less than 21
4.0,5.0,5.0,2.0,5.0,3.0,3.0,3.0,4.0,few hours a day,5.0,19.0,2.0,male,village,Less than 21
5.0,1.0,4.0,5.0,2.0,3.0,2.0,4.0,2.0,few hours a day,3.0,20.0,1.0,male,city,Less than 21
5.0,2.0,5.0,3.0,5.0,1.0,1.0,3.0,3.0,few hours a day,3.0,19.0,3.0,female,city,Less than 21
5.0,4.0,5.0,5.0,1.0,4.0,3.0,4.0,4.0,few hours a day,2.0,18.0,1.0,male,city,Less than 21
5.0,1.0,4.0,2.0,1.0,5.0,5.0,3.0,4.0,few hours a day,2.0,18.0,1.0,female,city,Less than 21
4.0,3.0,4.0,2.0,2.0,2.0,3.0,5.0,3.0,few hours a day,1.0,19.0,1.0,male,city,Less than 21
5.0,4.0,5.0,1.0,1.0,1.0,5.0,3.0,3.0,few hours a day,3.0,18.0,0.0,female,city,Less than 21
5.0,1.0,5.0,1.0,1.0,4.0,5.0,5.0,3.0,few hours a day,1.0,18.0,2.0,female,village,Less than 21
5.0,4.0,5.0,4.0,3.0,1.0,1.0,1.0,4.0,few hours a day,4.0,19.0,1.0,male,city,Less than 21
5.0,4.0,5.0,4.0,1.0,3.0,5.0,3.0,5.0,few hours a day,3.0,19.0,1.0,female,city,Less than 21
5.0,1.0,5.0,1.0,2.0,5.0,1.0,3.0,3.0,few hours a day,3.0,19.0,1.0,female,city,Less than 21
5.0,2.0,5.0,2.0,3.0,5.0,2.0,4.0,3.0,few hours a day,2.0,18.0,6.0,female,city,Less than 21
4.0,3.0,4.0,5.0,3.0,1.0,1.0,4.0,4.0,few hours a day,3.0,18.0,3.0,female,village,Less than 21
5.0,4.0,5.0,3.0,4.0,1.0,2.0,4.0,3.0,few hours a day,4.0,19.0,1.0,female,city,Less than 21
5.0,1.0,5.0,4.0,1.0,5.0,5.0,2.0,4.0,few hours a day,3.0,20.0,1.0,female,city,Less than 21
4.0,4.0,5.0,1.0,3.0,2.0,4.0,3.0,3.0,few hours a day,2.0,19.0,1.0,male,city,Less than 21
3.0,1.0,4.0,5.0,3.0,4.0,4.0,4.0,5.0,less than an hour a day,5.0,26.0,3.0,female,village,21+
5.0,3.0,5.0,3.0,4.0,4.0,3.0,2.0,3.0,few hours a day,2.0,19.0,1.0,female,village,Less than 21
5.0,1.0,5.0,2.0,3.0,,4.0,3.0,3.0,few hours a day,5.0,19.0,1.0,female,village,Less than 21
5.0,1.0,5.0,3.0,2.0,5.0,1.0,3.0,3.0,few hours a day,1.0,22.0,1.0,male,village,21+
5.0,3.0,4.0,3.0,2.0,3.0,2.0,1.0,4.0,less than an hour a day,4.0,20.0,1.0,male,village,Less than 21
5.0,3.0,5.0,1.0,3.0,5.0,5.0,1.0,4.0,less than an hour a day,3.0,28.0,2.0,female,city,21+
5.0,1.0,5.0,2.0,2.0,3.0,4.0,3.0,3.0,few hours a day,5.0,19.0,1.0,female,village,Less than 21
4.0,1.0,5.0,3.0,3.0,5.0,5.0,2.0,4.0,few hours a day,4.0,21.0,0.0,female,city,21+
5.0,4.0,5.0,1.0,2.0,3.0,4.0,4.0,5.0,less than an hour a day,3.0,19.0,1.0,female,village,Less than 21
5.0,1.0,5.0,5.0,5.0,5.0,1.0,1.0,5.0,few hours a day,5.0,22.0,2.0,male,city,21+
5.0,4.0,5.0,3.0,5.0,2.0,2.0,3.0,3.0,few hours a day,5.0,19.0,2.0,male,city,Less than 21
5.0,5.0,1.0,5.0,1.0,1.0,1.0,1.0,5.0,few hours a day,3.0,18.0,1.0,female,village,Less than 21
4.0,3.0,5.0,2.0,1.0,2.0,2.0,3.0,4.0,less than an hour a day,4.0,19.0,0.0,female,city,Less than 21
5.0,1.0,5.0,4.0,1.0,5.0,1.0,2.0,3.0,few hours a day,1.0,22.0,2.0,male,city,21+
5.0,2.0,4.0,3.0,3.0,3.0,1.0,3.0,3.0,few hours a day,3.0,29.0,3.0,male,village,21+
4.0,3.0,4.0,3.0,3.0,2.0,3.0,4.0,4.0,few hours a day,4.0,,2.0,female,village,21+
5.0,1.0,5.0,1.0,3.0,4.0,2.0,5.0,3.0,less than an hour a day,3.0,18.0,0.0,female,city,Less than 21
5.0,3.0,3.0,2.0,1.0,1.0,4.0,2.0,5.0,few hours a day,3.0,22.0,1.0,female,city,21+
5.0,2.0,5.0,5.0,2.0,1.0,1.0,1.0,4.0,less than an hour a day,4.0,17.0,1.0,female,city,Less than 21
5.0,5.0,5.0,1.0,1.0,1.0,3.0,1.0,3.0,few hours a day,1.0,19.0,0.0,male,city,Less than 21
4.0,2.0,5.0,1.0,3.0,1.0,5.0,2.0,4.0,few hours a day,4.0,20.0,1.0,female,village,Less than 21
5.0,2.0,3.0,3.0,4.0,4.0,2.0,2.0,4.0,few hours a day,3.0,18.0,1.0,female,village,Less than 21
5.0,4.0,5.0,3.0,3.0,1.0,1.0,4.0,2.0,most of the day,4.0,22.0,2.0,male,city,21+
4.0,1.0,4.0,4.0,2.0,2.0,1.0,3.0,4.0,few hours a day,5.0,19.0,1.0,female,village,Less than 21
5.0,2.0,5.0,3.0,3.0,1.0,3.0,1.0,3.0,few hours a day,1.0,20.0,1.0,male,city,Less than 21
3.0,1.0,3.0,2.0,5.0,2.0,1.0,5.0,3.0,few hours a day,3.0,25.0,1.0,male,village,21+
5.0,1.0,5.0,5.0,2.0,5.0,2.0,5.0,1.0,less than an hour a day,5.0,29.0,0.0,male,village,21+
5.0,5.0,5.0,3.0,5.0,5.0,3.0,2.0,4.0,few hours a day,3.0,19.0,1.0,male,village,Less than 21
5.0,1.0,4.0,4.0,3.0,5.0,1.0,3.0,3.0,few hours a day,1.0,18.0,4.0,female,city,Less than 21
5.0,1.0,5.0,3.0,1.0,5.0,2.0,3.0,3.0,few hours a day,3.0,20.0,2.0,female,city,Less than 21
5.0,1.0,5.0,2.0,4.0,4.0,2.0,4.0,4.0,most of the day,3.0,18.0,3.0,female,city,Less than 21
5.0,3.0,5.0,2.0,1.0,4.0,2.0,4.0,2.0,most of the day,3.0,30.0,3.0,male,city,21+
5.0,2.0,5.0,2.0,1.0,5.0,3.0,2.0,3.0,few hours a day,3.0,20.0,1.0,female,city,Less than 21
5.0,4.0,5.0,3.0,3.0,5.0,2.0,3.0,4.0,few hours a day,3.0,21.0,2.0,female,city,21+
5.0,5.0,5.0,5.0,1.0,1.0,1.0,3.0,4.0,few hours a day,3.0,22.0,1.0,male,city,21+
3.0,1.0,5.0,4.0,4.0,5.0,2.0,1.0,3.0,few hours a day,4.0,22.0,2.0,male,city,21+
5.0,1.0,5.0,3.0,4.0,3.0,4.0,5.0,3.0,few hours a day,1.0,20.0,1.0,female,city,Less than 21
5.0,2.0,5.0,4.0,4.0,1.0,5.0,3.0,3.0,few hours a day,2.0,20.0,1.0,female,city,Less than 21
5.0,1.0,5.0,1.0,1.0,1.0,5.0,5.0,3.0,few hours a day,3.0,19.0,1.0,female,city,Less than 21
3.0,2.0,5.0,4.0,3.0,1.0,5.0,2.0,2.0,few hours a day,2.0,28.0,1.0,female,city,21+
5.0,1.0,5.0,1.0,1.0,1.0,3.0,1.0,3.0,most of the day,1.0,19.0,3.0,female,village,Less than 21
5.0,1.0,5.0,5.0,3.0,3.0,1.0,3.0,4.0,few hours a day,2.0,22.0,1.0,male,city,21+
5.0,1.0,5.0,5.0,1.0,2.0,5.0,1.0,3.0,few hours a day,4.0,20.0,2.0,female,village,Less than 21
4.0,4.0,1.0,1.0,1.0,1.0,5.0,3.0,4.0,less than an hour a day,3.0,16.0,1.0,female,city,Less than 21
5.0,1.0,5.0,2.0,2.0,2.0,5.0,3.0,3.0,less than an hour a day,3.0,19.0,1.0,female,city,Less than 21
5.0,2.0,5.0,5.0,3.0,5.0,4.0,5.0,4.0,few hours a day,2.0,20.0,2.0,female,city,Less than 21
5.0,2.0,5.0,3.0,2.0,5.0,2.0,2.0,3.0,most of the day,5.0,21.0,1.0,male,city,21+
5.0,1.0,5.0,2.0,4.0,1.0,1.0,3.0,4.0,few hours a day,3.0,19.0,1.0,female,city,Less than 21
5.0,2.0,5.0,2.0,2.0,4.0,4.0,3.0,4.0,most of the day,4.0,20.0,2.0,female,city,Less than 21
3.0,2.0,4.0,3.0,3.0,2.0,5.0,3.0,3.0,less than an hour a day,3.0,25.0,1.0,female,city,21+
5.0,1.0,3.0,3.0,1.0,1.0,1.0,1.0,2.0,less than an hour a day,3.0,20.0,1.0,female,city,Less than 21
5.0,1.0,5.0,4.0,1.0,5.0,1.0,3.0,3.0,few hours a day,2.0,19.0,3.0,female,village,Less than 21
5.0,3.0,5.0,3.0,2.0,1.0,1.0,2.0,3.0,most of the day,5.0,22.0,3.0,male,city,21+
5.0,4.0,5.0,4.0,3.0,5.0,2.0,4.0,4.0,few hours a day,3.0,19.0,2.0,female,city,Less than 21
5.0,2.0,4.0,3.0,4.0,1.0,5.0,4.0,3.0,few hours a day,5.0,21.0,1.0,female,city,21+
5.0,3.0,5.0,2.0,3.0,1.0,3.0,2.0,4.0,most of the day,2.0,22.0,6.0,male,village,21+
5.0,5.0,5.0,4.0,5.0,3.0,4.0,3.0,3.0,few hours a day,5.0,28.0,1.0,female,city,21+
5.0,1.0,5.0,3.0,5.0,5.0,1.0,1.0,4.0,few hours a day,2.0,21.0,1.0,female,village,21+
5.0,1.0,5.0,2.0,3.0,1.0,1.0,2.0,3.0,few hours a day,2.0,20.0,3.0,male,village,Less than 21
5.0,2.0,5.0,2.0,2.0,4.0,2.0,1.0,4.0,few hours a day,2.0,19.0,1.0,male,city,Less than 21
5.0,1.0,4.0,3.0,2.0,3.0,5.0,4.0,3.0,few hours a day,3.0,21.0,1.0,female,village,21+
5.0,1.0,5.0,3.0,1.0,3.0,4.0,2.0,4.0,few hours a day,4.0,20.0,0.0,male,village,Less than 21
4.0,4.0,4.0,5.0,1.0,4.0,1.0,1.0,5.0,few hours a day,4.0,16.0,1.0,female,village,Less than 21
5.0,2.0,4.0,3.0,3.0,5.0,1.0,2.0,3.0,less than an hour a day,3.0,22.0,1.0,male,village,21+
5.0,1.0,5.0,2.0,4.0,4.0,2.0,3.0,4.0,few hours a day,4.0,19.0,2.0,male,city,Less than 21
5.0,4.0,4.0,1.0,1.0,1.0,5.0,1.0,4.0,few hours a day,5.0,22.0,1.0,female,village,21+
5.0,3.0,4.0,2.0,5.0,4.0,1.0,3.0,3.0,most of the day,4.0,20.0,0.0,male,village,Less than 21
5.0,1.0,5.0,3.0,1.0,2.0,4.0,3.0,3.0,few hours a day,4.0,22.0,0.0,male,city,21+
5.0,1.0,5.0,3.0,4.0,1.0,2.0,3.0,2.0,most of the day,5.0,19.0,1.0,male,city,Less than 21
5.0,4.0,5.0,5.0,1.0,5.0,5.0,3.0,5.0,few hours a day,3.0,22.0,2.0,male,city,21+
5.0,4.0,5.0,4.0,2.0,2.0,1.0,1.0,4.0,few hours a day,3.0,17.0,1.0,female,village,Less than 21
5.0,4.0,4.0,3.0,1.0,5.0,2.0,4.0,4.0,less than an hour a day,4.0,18.0,1.0,female,city,Less than 21
5.0,4.0,4.0,4.0,2.0,2.0,1.0,2.0,3.0,few hours a day,1.0,19.0,1.0,male,city,Less than 21
5.0,2.0,5.0,4.0,3.0,3.0,5.0,3.0,3.0,less than an hour a day,3.0,23.0,1.0,female,city,21+
5.0,3.0,5.0,3.0,1.0,4.0,1.0,4.0,3.0,few hours a day,1.0,20.0,0.0,female,city,Less than 21
5.0,4.0,5.0,2.0,1.0,5.0,2.0,1.0,3.0,few hours a day,3.0,18.0,2.0,female,city,Less than 21
5.0,3.0,5.0,2.0,,4.0,1.0,3.0,3.0,few hours a day,1.0,19.0,3.0,male,village,Less than 21
5.0,1.0,5.0,3.0,3.0,5.0,2.0,3.0,4.0,less than an hour a day,4.0,19.0,4.0,female,city,Less than 21
3.0,1.0,4.0,3.0,3.0,4.0,1.0,4.0,3.0,few hours a day,3.0,28.0,2.0,female,village,21+
5.0,1.0,5.0,4.0,5.0,5.0,1.0,2.0,4.0,few hours a day,4.0,21.0,1.0,male,village,21+
4.0,2.0,4.0,2.0,5.0,5.0,3.0,1.0,3.0,few hours a day,4.0,23.0,1.0,female,city,21+
5.0,3.0,5.0,2.0,5.0,1.0,1.0,4.0,3.0,most of the day,3.0,20.0,2.0,male,city,Less than 21
5.0,1.0,4.0,5.0,1.0,3.0,1.0,3.0,3.0,few hours a day,3.0,20.0,1.0,male,city,Less than 21
5.0,1.0,4.0,5.0,3.0,2.0,3.0,3.0,2.0,most of the day,4.0,28.0,2.0,female,city,21+
5.0,1.0,5.0,5.0,3.0,1.0,2.0,4.0,1.0,few hours a day,3.0,22.0,1.0,male,village,21+
5.0,4.0,5.0,5.0,1.0,1.0,2.0,2.0,4.0,few hours a day,2.0,19.0,0.0,female,city,Less than 21
5.0,3.0,5.0,3.0,3.0,1.0,1.0,4.0,3.0,few hours a day,3.0,21.0,3.0,male,city,21+
5.0,2.0,5.0,3.0,1.0,5.0,5.0,4.0,3.0,few hours a day,3.0,21.0,1.0,female,city,21+
5.0,4.0,5.0,3.0,3.0,5.0,1.0,3.0,3.0,few hours a day,1.0,17.0,2.0,male,village,Less than 21
5.0,5.0,5.0,3.0,1.0,5.0,5.0,1.0,3.0,few hours a day,1.0,19.0,1.0,female,city,Less than 21
5.0,2.0,5.0,4.0,2.0,1.0,2.0,2.0,3.0,few hours a day,3.0,25.0,3.0,male,city,21+
5.0,3.0,5.0,4.0,1.0,5.0,5.0,1.0,3.0,few hours a day,4.0,20.0,1.0,female,village,Less than 21
5.0,1.0,5.0,5.0,1.0,1.0,4.0,5.0,3.0,most of the day,1.0,26.0,2.0,male,city,21+
5.0,3.0,5.0,3.0,3.0,5.0,3.0,3.0,3.0,few hours a day,3.0,21.0,0.0,male,city,21+
5.0,1.0,5.0,2.0,1.0,3.0,3.0,1.0,4.0,few hours a day,2.0,20.0,2.0,female,city,Less than 21
5.0,2.0,5.0,4.0,2.0,2.0,4.0,3.0,3.0,most of the day,2.0,29.0,1.0,,city,21+
5.0,4.0,5.0,3.0,2.0,2.0,4.0,3.0,4.0,most of the day,3.0,25.0,1.0,male,city,21+
5.0,1.0,5.0,3.0,1.0,5.0,1.0,5.0,4.0,few hours a day,1.0,21.0,2.0,male,city,21+
5.0,3.0,5.0,3.0,1.0,1.0,3.0,4.0,5.0,most of the day,3.0,20.0,3.0,male,village,Less than 21
5.0,1.0,5.0,3.0,4.0,2.0,1.0,3.0,4.0,few hours a day,4.0,27.0,3.0,male,village,21+
5.0,1.0,5.0,5.0,1.0,4.0,1.0,1.0,4.0,few hours a day,3.0,21.0,2.0,male,village,21+
4.0,1.0,4.0,2.0,1.0,3.0,1.0,1.0,4.0,less than an hour a day,4.0,20.0,1.0,female,city,Less than 21
5.0,4.0,4.0,2.0,1.0,2.0,2.0,3.0,3.0,less than an hour a day,3.0,,1.0,female,village,21+
5.0,1.0,5.0,3.0,3.0,5.0,5.0,5.0,3.0,few hours a day,1.0,17.0,3.0,female,village,Less than 21
5.0,1.0,3.0,4.0,3.0,1.0,5.0,2.0,4.0,less than an hour a day,2.0,16.0,,female,village,Less than 21
5.0,2.0,5.0,4.0,3.0,5.0,5.0,3.0,2.0,few hours a day,3.0,19.0,3.0,female,city,Less than 21
3.0,3.0,4.0,2.0,3.0,5.0,5.0,3.0,3.0,few hours a day,2.0,18.0,1.0,female,village,Less than 21
4.0,3.0,4.0,2.0,5.0,3.0,2.0,3.0,3.0,few hours a day,3.0,19.0,0.0,male,village,Less than 21
5.0,2.0,4.0,1.0,1.0,3.0,1.0,4.0,2.0,few hours a day,1.0,21.0,1.0,female,village,21+
5.0,2.0,5.0,2.0,1.0,2.0,5.0,2.0,4.0,few hours a day,3.0,16.0,0.0,female,city,Less than 21
5.0,1.0,5.0,5.0,1.0,5.0,5.0,3.0,4.0,few hours a day,4.0,20.0,2.0,female,city,Less than 21
,2.0,3.0,3.0,2.0,4.0,5.0,2.0,4.0,few hours a day,2.0,19.0,2.0,female,city,Less than 21
5.0,1.0,5.0,1.0,1.0,2.0,1.0,5.0,3.0,most of the day,3.0,20.0,1.0,female,village,Less than 21
5.0,2.0,3.0,1.0,1.0,5.0,1.0,4.0,4.0,less than an hour a day,4.0,16.0,2.0,female,village,Less than 21
5.0,4.0,4.0,4.0,2.0,3.0,2.0,3.0,4.0,less than an hour a day,5.0,20.0,1.0,male,city,Less than 21
5.0,1.0,5.0,3.0,1.0,3.0,1.0,3.0,3.0,less than an hour a day,3.0,18.0,0.0,male,village,Less than 21
5.0,2.0,5.0,5.0,1.0,4.0,4.0,1.0,4.0,few hours a day,1.0,20.0,1.0,male,village,Less than 21
5.0,2.0,5.0,3.0,2.0,3.0,5.0,2.0,4.0,less than an hour a day,4.0,20.0,2.0,male,village,Less than 21
5.0,3.0,5.0,1.0,2.0,2.0,5.0,5.0,3.0,few hours a day,3.0,16.0,2.0,female,city,Less than 21
5.0,2.0,5.0,4.0,3.0,4.0,3.0,3.0,4.0,less than an hour a day,3.0,19.0,1.0,female,village,Less than 21
5.0,2.0,4.0,1.0,3.0,2.0,1.0,3.0,2.0,few hours a day,2.0,19.0,1.0,male,city,Less than 21
5.0,3.0,5.0,1.0,1.0,1.0,3.0,4.0,4.0,most of the day,3.0,23.0,1.0,female,city,21+
5.0,2.0,5.0,4.0,3.0,5.0,2.0,3.0,3.0,few hours a day,3.0,20.0,1.0,female,city,Less than 21
5.0,1.0,5.0,4.0,1.0,3.0,1.0,3.0,3.0,few hours a day,3.0,23.0,4.0,male,village,21+
3.0,4.0,4.0,1.0,4.0,4.0,3.0,4.0,5.0,few hours a day,5.0,19.0,2.0,male,village,Less than 21
5.0,1.0,4.0,2.0,3.0,5.0,2.0,2.0,4.0,few hours a day,5.0,22.0,3.0,female,city,21+
4.0,4.0,5.0,3.0,1.0,4.0,5.0,1.0,3.0,most of the day,1.0,17.0,3.0,male,city,Less than 21
5.0,5.0,5.0,3.0,1.0,4.0,1.0,3.0,3.0,less than an hour a day,3.0,20.0,1.0,female,village,Less than 21
5.0,2.0,4.0,2.0,2.0,4.0,2.0,4.0,2.0,less than an hour a day,4.0,21.0,1.0,female,city,21+
5.0,3.0,5.0,3.0,3.0,4.0,4.0,2.0,3.0,few hours a day,1.0,21.0,3.0,male,city,21+
5.0,2.0,5.0,3.0,4.0,5.0,5.0,2.0,2.0,few hours a day,3.0,19.0,1.0,female,city,Less than 21
5.0,1.0,5.0,2.0,1.0,5.0,4.0,3.0,4.0,few hours a day,3.0,20.0,0.0,female,village,Less than 21
5.0,5.0,5.0,5.0,5.0,2.0,2.0,4.0,3.0,most of the day,1.0,19.0,0.0,male,city,Less than 21
5.0,3.0,5.0,3.0,2.0,,1.0,1.0,3.0,few hours a day,5.0,21.0,0.0,male,city,21+
5.0,5.0,4.0,1.0,3.0,5.0,5.0,3.0,4.0,few hours a day,4.0,22.0,1.0,female,city,21+
3.0,4.0,5.0,5.0,3.0,1.0,4.0,3.0,2.0,few hours a day,5.0,22.0,3.0,male,city,21+
5.0,1.0,5.0,5.0,2.0,4.0,1.0,3.0,4.0,most of the day,3.0,22.0,1.0,male,city,21+
5.0,4.0,4.0,3.0,2.0,5.0,3.0,4.0,4.0,most of the day,2.0,28.0,1.0,female,city,21+
5.0,4.0,4.0,2.0,1.0,3.0,3.0,3.0,4.0,less than an hour a day,3.0,21.0,1.0,male,city,21+
5.0,5.0,5.0,4.0,1.0,4.0,3.0,,3.0,few hours a day,2.0,21.0,2.0,male,village,21+
5.0,2.0,4.0,4.0,1.0,5.0,3.0,4.0,2.0,few hours a day,2.0,17.0,3.0,female,city,Less than 21
5.0,1.0,5.0,3.0,1.0,3.0,5.0,2.0,3.0,less than an hour a day,2.0,21.0,1.0,female,city,21+
5.0,2.0,5.0,5.0,1.0,4.0,5.0,3.0,4.0,few hours a day,1.0,17.0,1.0,female,village,Less than 21
5.0,1.0,5.0,4.0,5.0,4.0,1.0,3.0,4.0,few hours a day,2.0,28.0,1.0,male,city,21+
4.0,1.0,3.0,3.0,1.0,3.0,1.0,1.0,3.0,few hours a day,4.0,20.0,1.0,female,city,Less than 21
5.0,4.0,4.0,3.0,1.0,5.0,1.0,3.0,4.0,few hours a day,3.0,19.0,0.0,female,city,Less than 21
5.0,1.0,4.0,2.0,1.0,5.0,2.0,2.0,3.0,less than an hour a day,4.0,21.0,1.0,female,city,21+
5.0,1.0,4.0,5.0,2.0,1.0,1.0,5.0,1.0,few hours a day,2.0,23.0,1.0,male,city,21+
5.0,1.0,5.0,4.0,1.0,5.0,1.0,5.0,2.0,most of the day,1.0,17.0,1.0,male,village,Less than 21
5.0,5.0,3.0,2.0,1.0,4.0,1.0,5.0,3.0,few hours a day,4.0,20.0,0.0,male,city,Less than 21
5.0,3.0,5.0,2.0,2.0,2.0,1.0,2.0,4.0,less than an hour a day,3.0,19.0,1.0,male,city,Less than 21
4.0,3.0,5.0,3.0,2.0,5.0,4.0,4.0,3.0,few hours a day,5.0,19.0,1.0,male,city,Less than 21
5.0,3.0,5.0,4.0,4.0,2.0,2.0,2.0,4.0,few hours a day,2.0,19.0,1.0,male,city,Less than 21
5.0,4.0,5.0,2.0,1.0,5.0,5.0,4.0,3.0,most of the day,3.0,18.0,0.0,female,city,Less than 21
5.0,1.0,5.0,3.0,2.0,5.0,3.0,3.0,3.0,few hours a day,3.0,19.0,1.0,female,village,Less than 21
4.0,3.0,5.0,4.0,2.0,3.0,3.0,2.0,3.0,few hours a day,5.0,22.0,1.0,male,village,21+
5.0,4.0,,3.0,2.0,3.0,3.0,3.0,4.0,few hours a day,3.0,21.0,1.0,female,city,21+
5.0,1.0,5.0,5.0,1.0,5.0,5.0,5.0,3.0,few hours a day,3.0,21.0,1.0,female,city,21+
5.0,1.0,5.0,3.0,2.0,5.0,5.0,1.0,4.0,less than an hour a day,3.0,21.0,1.0,male,village,21+
4.0,1.0,5.0,2.0,2.0,4.0,1.0,4.0,4.0,few hours a day,4.0,22.0,1.0,male,village,21+
3.0,1.0,4.0,4.0,1.0,5.0,2.0,2.0,5.0,less than an hour a day,3.0,19.0,1.0,female,city,Less than 21
3.0,1.0,5.0,5.0,5.0,4.0,2.0,1.0,2.0,few hours a day,3.0,25.0,1.0,male,city,21+
4.0,4.0,3.0,5.0,5.0,3.0,1.0,3.0,4.0,few hours a day,4.0,18.0,2.0,male,city,Less than 21
5.0,3.0,4.0,2.0,2.0,1.0,5.0,3.0,2.0,few hours a day,3.0,20.0,1.0,male,city,Less than 21
5.0,3.0,5.0,3.0,3.0,5.0,4.0,3.0,3.0,most of the day,2.0,18.0,0.0,female,city,Less than 21
5.0,5.0,3.0,4.0,3.0,2.0,3.0,1.0,4.0,most of the day,3.0,23.0,2.0,male,village,21+
5.0,3.0,5.0,4.0,1.0,5.0,5.0,4.0,4.0,most of the day,2.0,18.0,1.0,female,city,Less than 21
5.0,5.0,5.0,3.0,1.0,5.0,1.0,3.0,2.0,few hours a day,5.0,22.0,1.0,female,village,21+
5.0,3.0,5.0,2.0,2.0,2.0,1.0,3.0,4.0,few hours a day,1.0,20.0,0.0,male,city,Less than 21
3.0,4.0,5.0,4.0,3.0,4.0,1.0,1.0,1.0,few hours a day,3.0,19.0,1.0,male,city,Less than 21
5.0,1.0,4.0,3.0,1.0,1.0,1.0,3.0,5.0,most of the day,3.0,19.0,1.0,female,city,Less than 21
5.0,1.0,5.0,5.0,1.0,1.0,3.0,5.0,4.0,most of the day,3.0,23.0,0.0,female,city,21+
5.0,2.0,5.0,3.0,5.0,1.0,3.0,2.0,3.0,few hours a day,2.0,27.0,4.0,male,city,21+
5.0,2.0,5.0,4.0,1.0,2.0,3.0,4.0,2.0,most of the day,1.0,20.0,2.0,male,city,Less than 21
4.0,5.0,5.0,1.0,1.0,3.0,5.0,5.0,4.0,most of the day,3.0,20.0,3.0,,city,Less than 21
5.0,4.0,5.0,2.0,1.0,5.0,2.0,2.0,4.0,few hours a day,3.0,18.0,1.0,female,city,Less than 21
5.0,1.0,5.0,5.0,1.0,3.0,1.0,4.0,3.0,few hours a day,1.0,21.0,3.0,male,city,21+
5.0,1.0,5.0,3.0,1.0,2.0,5.0,2.0,2.0,few hours a day,1.0,21.0,1.0,female,city,21+
5.0,2.0,5.0,2.0,3.0,5.0,5.0,1.0,3.0,few hours a day,4.0,19.0,1.0,female,city,Less than 21
5.0,4.0,5.0,2.0,2.0,4.0,2.0,3.0,3.0,less than an hour a day,4.0,22.0,0.0,female,village,21+
5.0,2.0,5.0,3.0,3.0,1.0,3.0,3.0,3.0,less than an hour a day,5.0,20.0,1.0,female,city,Less than 21
4.0,2.0,5.0,2.0,4.0,4.0,1.0,4.0,4.0,few hours a day,3.0,19.0,0.0,male,city,Less than 21
5.0,3.0,5.0,2.0,1.0,5.0,3.0,3.0,4.0,few hours a day,1.0,20.0,0.0,female,city,Less than 21
5.0,5.0,4.0,3.0,3.0,1.0,5.0,3.0,3.0,few hours a day,3.0,19.0,1.0,female,city,Less than 21
5.0,3.0,5.0,3.0,4.0,5.0,4.0,2.0,3.0,few hours a day,2.0,18.0,1.0,female,village,Less than 21
5.0,4.0,4.0,4.0,3.0,4.0,1.0,3.0,4.0,few hours a day,2.0,17.0,1.0,male,village,Less than 21
5.0,1.0,5.0,1.0,1.0,3.0,1.0,1.0,3.0,less than an hour a day,2.0,21.0,2.0,male,city,21+
5.0,2.0,4.0,3.0,2.0,2.0,4.0,2.0,4.0,few hours a day,3.0,19.0,1.0,female,village,Less than 21
4.0,1.0,4.0,4.0,1.0,2.0,3.0,3.0,4.0,less than an hour a day,3.0,25.0,1.0,female,city,21+
5.0,3.0,5.0,5.0,1.0,4.0,3.0,1.0,4.0,few hours a day,1.0,24.0,2.0,male,village,21+
5.0,2.0,,4.0,5.0,5.0,1.0,2.0,3.0,less than an hour a day,2.0,29.0,1.0,male,village,21+
5.0,1.0,4.0,4.0,1.0,5.0,3.0,3.0,3.0,few hours a day,2.0,21.0,1.0,female,city,21+
5.0,1.0,5.0,2.0,3.0,1.0,3.0,5.0,3.0,few hours a day,3.0,18.0,1.0,male,city,Less than 21
5.0,1.0,5.0,4.0,3.0,4.0,5.0,3.0,5.0,few hours a day,2.0,21.0,3.0,female,city,21+
5.0,3.0,5.0,2.0,2.0,3.0,2.0,4.0,3.0,most of the day,4.0,17.0,2.0,male,city,Less than 21
4.0,3.0,4.0,3.0,4.0,5.0,1.0,5.0,4.0,most of the day,4.0,22.0,0.0,male,city,21+
5.0,2.0,5.0,4.0,2.0,5.0,2.0,2.0,4.0,few hours a day,4.0,18.0,2.0,female,village,Less than 21
4.0,1.0,5.0,3.0,4.0,5.0,4.0,2.0,5.0,few hours a day,4.0,18.0,3.0,female,village,Less than 21
5.0,5.0,4.0,5.0,3.0,5.0,1.0,3.0,4.0,few hours a day,4.0,23.0,1.0,male,village,21+
4.0,2.0,5.0,2.0,1.0,1.0,2.0,1.0,3.0,few hours a day,3.0,22.0,1.0,male,city,21+
5.0,1.0,5.0,5.0,1.0,5.0,3.0,3.0,3.0,most of the day,3.0,21.0,0.0,female,village,21+
5.0,2.0,5.0,2.0,2.0,2.0,4.0,2.0,3.0,few hours a day,3.0,23.0,3.0,female,city,21+
5.0,2.0,5.0,3.0,1.0,5.0,5.0,4.0,3.0,few hours a day,2.0,17.0,1.0,female,city,Less than 21
5.0,3.0,5.0,3.0,4.0,5.0,2.0,4.0,2.0,few hours a day,3.0,20.0,1.0,male,city,Less than 21
5.0,4.0,5.0,5.0,1.0,2.0,1.0,2.0,3.0,few hours a day,5.0,22.0,1.0,male,city,21+
4.0,1.0,5.0,3.0,4.0,1.0,4.0,5.0,4.0,few hours a day,4.0,21.0,0.0,male,city,21+
5.0,1.0,5.0,3.0,1.0,5.0,2.0,3.0,4.0,few hours a day,5.0,22.0,0.0,female,village,21+
4.0,3.0,4.0,4.0,3.0,4.0,4.0,3.0,3.0,few hours a day,4.0,24.0,2.0,male,village,21+
5.0,4.0,5.0,1.0,3.0,1.0,4.0,4.0,4.0,few hours a day,3.0,19.0,1.0,female,village,Less than 21
5.0,1.0,5.0,5.0,5.0,5.0,5.0,3.0,,few hours a day,3.0,18.0,1.0,female,city,Less than 21
5.0,1.0,5.0,1.0,1.0,3.0,4.0,3.0,3.0,most of the day,3.0,24.0,1.0,female,city,21+
5.0,4.0,5.0,1.0,5.0,4.0,1.0,1.0,3.0,few hours a day,4.0,22.0,3.0,male,city,21+
5.0,1.0,2.0,2.0,3.0,2.0,1.0,5.0,3.0,few hours a day,4.0,20.0,1.0,male,village,Less than 21
5.0,1.0,5.0,5.0,2.0,1.0,2.0,5.0,4.0,less than an hour a day,5.0,20.0,1.0,female,city,Less than 21
5.0,2.0,3.0,4.0,2.0,4.0,2.0,2.0,3.0,few hours a day,2.0,19.0,1.0,female,city,Less than 21
5.0,2.0,4.0,3.0,4.0,5.0,4.0,2.0,2.0,few hours a day,4.0,21.0,1.0,female,city,21+
5.0,2.0,4.0,4.0,3.0,1.0,2.0,3.0,3.0,no time at all,3.0,25.0,1.0,male,city,21+
5.0,1.0,5.0,3.0,1.0,2.0,2.0,2.0,4.0,few hours a day,4.0,28.0,1.0,female,village,21+
5.0,4.0,5.0,4.0,1.0,5.0,3.0,3.0,3.0,few hours a day,3.0,20.0,1.0,female,city,Less than 21
5.0,1.0,4.0,3.0,1.0,5.0,2.0,5.0,3.0,few hours a day,2.0,20.0,2.0,female,city,Less than 21
5.0,1.0,3.0,5.0,2.0,4.0,2.0,2.0,3.0,few hours a day,4.0,23.0,1.0,male,city,21+
5.0,1.0,4.0,2.0,4.0,2.0,2.0,4.0,2.0,few hours a day,3.0,27.0,1.0,male,city,21+
4.0,4.0,4.0,4.0,2.0,3.0,2.0,3.0,3.0,few hours a day,4.0,21.0,1.0,male,village,21+
5.0,2.0,3.0,3.0,2.0,4.0,1.0,3.0,3.0,few hours a day,3.0,23.0,1.0,female,city,21+
5.0,4.0,4.0,3.0,3.0,5.0,2.0,3.0,4.0,few hours a day,3.0,22.0,2.0,female,city,21+
3.0,1.0,4.0,3.0,1.0,5.0,5.0,3.0,3.0,few hours a day,4.0,28.0,1.0,female,city,21+
4.0,1.0,4.0,3.0,1.0,5.0,4.0,4.0,3.0,less than an hour a day,4.0,22.0,2.0,female,city,21+
5.0,1.0,4.0,1.0,3.0,3.0,1.0,2.0,4.0,less than an hour a day,3.0,18.0,1.0,male,city,Less than 21
5.0,3.0,5.0,3.0,2.0,2.0,4.0,3.0,4.0,most of the day,3.0,25.0,1.0,female,city,21+
5.0,2.0,5.0,3.0,1.0,3.0,3.0,2.0,3.0,few hours a day,3.0,20.0,2.0,female,city,Less than 21
4.0,1.0,5.0,5.0,4.0,5.0,1.0,1.0,3.0,few hours a day,2.0,28.0,1.0,female,city,21+
5.0,1.0,3.0,5.0,2.0,5.0,3.0,4.0,4.0,few hours a day,3.0,23.0,1.0,female,city,21+
5.0,3.0,5.0,3.0,1.0,5.0,1.0,3.0,4.0,few hours a day,4.0,21.0,0.0,female,city,21+
5.0,5.0,5.0,4.0,3.0,5.0,5.0,3.0,3.0,few hours a day,3.0,25.0,1.0,female,city,21+
5.0,4.0,4.0,3.0,2.0,3.0,5.0,3.0,3.0,few hours a day,3.0,28.0,1.0,female,city,21+
4.0,5.0,5.0,3.0,4.0,5.0,2.0,3.0,3.0,few hours a day,1.0,19.0,4.0,male,village,Less than 21
5.0,1.0,5.0,4.0,1.0,5.0,,3.0,4.0,less than an hour a day,3.0,30.0,1.0,female,village,21+
5.0,1.0,5.0,2.0,3.0,3.0,3.0,2.0,3.0,few hours a day,2.0,28.0,1.0,female,village,21+
5.0,3.0,5.0,3.0,2.0,5.0,4.0,4.0,4.0,few hours a day,3.0,19.0,0.0,female,village,Less than 21
2.0,3.0,3.0,3.0,3.0,3.0,3.0,3.0,3.0,less than an hour a day,3.0,21.0,1.0,male,city,21+
5.0,1.0,5.0,3.0,1.0,2.0,5.0,3.0,5.0,few hours a day,3.0,19.0,1.0,male,city,Less than 21
5.0,1.0,5.0,3.0,3.0,1.0,5.0,4.0,4.0,few hours a day,4.0,18.0,2.0,female,city,Less than 21
5.0,3.0,5.0,5.0,3.0,5.0,1.0,3.0,3.0,few hours a day,4.0,18.0,1.0,male,city,Less than 21
5.0,3.0,5.0,4.0,3.0,2.0,4.0,3.0,3.0,few hours a day,3.0,18.0,1.0,male,city,Less than 21
5.0,2.0,5.0,3.0,1.0,3.0,5.0,4.0,3.0,less than an hour a day,2.0,17.0,0.0,female,city,Less than 21
5.0,2.0,5.0,5.0,3.0,3.0,1.0,1.0,3.0,few hours a day,3.0,21.0,1.0,male,city,21+
5.0,4.0,4.0,2.0,1.0,3.0,2.0,5.0,3.0,few hours a day,3.0,18.0,1.0,female,village,Less than 21
5.0,4.0,5.0,5.0,5.0,1.0,3.0,5.0,3.0,few hours a day,3.0,21.0,4.0,male,city,21+
5.0,3.0,4.0,4.0,2.0,5.0,5.0,3.0,3.0,few hours a day,3.0,23.0,0.0,female,city,21+
5.0,3.0,5.0,3.0,2.0,3.0,1.0,4.0,3.0,less than an hour a day,3.0,18.0,1.0,female,city,Less than 21
5.0,1.0,5.0,2.0,4.0,1.0,5.0,4.0,3.0,most of the day,2.0,20.0,1.0,female,city,Less than 21
5.0,2.0,5.0,3.0,1.0,2.0,2.0,5.0,5.0,most of the day,1.0,19.0,0.0,female,city,Less than 21
5.0,2.0,5.0,2.0,1.0,1.0,2.0,3.0,3.0,few hours a day,2.0,20.0,1.0,female,city,Less than 21
5.0,1.0,5.0,3.0,1.0,5.0,2.0,2.0,3.0,few hours a day,4.0,26.0,3.0,female,village,21+
5.0,5.0,5.0,5.0,3.0,5.0,3.0,3.0,4.0,few hours a day,4.0,21.0,1.0,female,city,21+
5.0,1.0,4.0,5.0,5.0,2.0,4.0,5.0,3.0,most of the day,3.0,19.0,2.0,male,city,Less than 21
4.0,1.0,5.0,3.0,1.0,5.0,1.0,1.0,3.0,few hours a day,1.0,23.0,1.0,male,city,21+
5.0,2.0,5.0,2.0,1.0,4.0,5.0,3.0,3.0,less than an hour a day,3.0,21.0,2.0,female,village,21+
5.0,3.0,5.0,4.0,4.0,5.0,1.0,1.0,4.0,few hours a day,3.0,22.0,1.0,female,village,21+
5.0,3.0,4.0,2.0,1.0,1.0,1.0,2.0,3.0,few hours a day,1.0,18.0,2.0,male,city,Less than 21
5.0,2.0,3.0,2.0,3.0,2.0,1.0,5.0,4.0,few hours a day,4.0,21.0,1.0,female,village,21+
5.0,4.0,5.0,2.0,3.0,5.0,1.0,3.0,2.0,few hours a day,3.0,23.0,1.0,male,city,21+
5.0,2.0,5.0,2.0,1.0,3.0,1.0,3.0,3.0,less than an hour a day,2.0,17.0,0.0,female,city,Less than 21
4.0,1.0,5.0,3.0,5.0,2.0,2.0,1.0,4.0,few hours a day,4.0,20.0,1.0,female,city,Less than 21
4.0,1.0,3.0,3.0,1.0,5.0,2.0,4.0,3.0,few hours a day,4.0,22.0,1.0,female,village,21+
5.0,1.0,5.0,1.0,1.0,3.0,5.0,1.0,4.0,few hours a day,3.0,20.0,1.0,female,village,Less than 21
5.0,2.0,3.0,5.0,1.0,3.0,5.0,3.0,3.0,most of the day,1.0,19.0,2.0,female,village,Less than 21
5.0,3.0,5.0,3.0,3.0,5.0,4.0,2.0,4.0,less than an hour a day,5.0,25.0,0.0,female,village,21+
4.0,1.0,5.0,4.0,2.0,5.0,2.0,2.0,3.0,few hours a day,3.0,29.0,1.0,male,village,21+
5.0,3.0,4.0,5.0,5.0,2.0,3.0,3.0,4.0,less than an hour a day,5.0,29.0,2.0,male,village,21+
5.0,1.0,5.0,3.0,3.0,5.0,3.0,3.0,3.0,few hours a day,3.0,17.0,1.0,female,city,Less than 21
5.0,,5.0,3.0,1.0,4.0,5.0,4.0,3.0,less than an hour a day,3.0,17.0,1.0,female,city,Less than 21
4.0,3.0,5.0,3.0,4.0,3.0,2.0,1.0,3.0,few hours a day,2.0,19.0,2.0,male,city,Less than 21
4.0,2.0,5.0,5.0,2.0,1.0,1.0,3.0,4.0,few hours a day,4.0,18.0,2.0,female,city,Less than 21
5.0,1.0,4.0,1.0,3.0,1.0,3.0,3.0,5.0,less than an hour a day,4.0,20.0,3.0,female,city,Less than 21
5.0,2.0,5.0,3.0,2.0,1.0,2.0,3.0,4.0,few hours a day,3.0,21.0,0.0,female,city,21+
5.0,1.0,5.0,5.0,3.0,1.0,5.0,3.0,4.0,few hours a day,,18.0,1.0,female,city,Less than 21
4.0,2.0,5.0,2.0,2.0,2.0,5.0,3.0,3.0,few hours a day,3.0,19.0,1.0,female,city,Less than 21
5.0,3.0,5.0,5.0,1.0,3.0,1.0,2.0,3.0,few hours a day,1.0,19.0,0.0,male,village,Less than 21
5.0,4.0,5.0,2.0,1.0,5.0,3.0,5.0,3.0,less than an hour a day,2.0,20.0,2.0,male,city,Less than 21
5.0,5.0,3.0,1.0,3.0,1.0,3.0,1.0,3.0,less than an hour a day,3.0,19.0,1.0,male,village,Less than 21
5.0,3.0,5.0,5.0,5.0,5.0,5.0,3.0,3.0,few hours a day,1.0,18.0,1.0,female,village,Less than 21
5.0,3.0,,4.0,4.0,5.0,2.0,3.0,4.0,few hours a day,3.0,18.0,1.0,male,city,Less than 21
5.0,1.0,5.0,5.0,1.0,5.0,2.0,3.0,2.0,few hours a day,,16.0,1.0,female,village,Less than 21
5.0,2.0,5.0,4.0,4.0,1.0,1.0,4.0,4.0,few hours a day,4.0,18.0,1.0,female,city,Less than 21
5.0,2.0,4.0,5.0,3.0,1.0,2.0,2.0,3.0,few hours a day,3.0,19.0,0.0,female,village,Less than 21
4.0,1.0,5.0,5.0,5.0,5.0,2.0,3.0,3.0,most of the day,3.0,24.0,2.0,female,village,21+
5.0,1.0,4.0,3.0,5.0,1.0,1.0,1.0,5.0,less than an hour a day,5.0,19.0,3.0,female,city,Less than 21
2.0,1.0,3.0,4.0,3.0,3.0,3.0,2.0,5.0,no time at all,5.0,,1.0,female,village,21+
4.0,2.0,5.0,5.0,2.0,4.0,3.0,3.0,3.0,few hours a day,2.0,20.0,1.0,female,city,Less than 21
5.0,3.0,5.0,4.0,1.0,5.0,3.0,4.0,3.0,most of the day,3.0,21.0,0.0,female,city,21+
5.0,,5.0,1.0,4.0,4.0,1.0,2.0,3.0,few hours a day,2.0,23.0,2.0,male,city,21+
5.0,3.0,5.0,5.0,5.0,4.0,2.0,1.0,3.0,few hours a day,4.0,23.0,0.0,male,city,21+
4.0,2.0,5.0,4.0,3.0,4.0,3.0,2.0,4.0,less than an hour a day,3.0,17.0,1.0,male,city,Less than 21
5.0,1.0,5.0,5.0,5.0,1.0,1.0,4.0,5.0,few hours a day,3.0,18.0,3.0,female,city,Less than 21
5.0,5.0,5.0,3.0,4.0,1.0,2.0,1.0,1.0,few hours a day,1.0,26.0,5.0,male,village,21+
2.0,1.0,1.0,1.0,3.0,2.0,1.0,3.0,4.0,few hours a day,1.0,22.0,0.0,male,city,21+
5.0,,5.0,3.0,1.0,3.0,1.0,4.0,2.0,less than an hour a day,2.0,22.0,2.0,male,city,21+
5.0,5.0,4.0,4.0,4.0,4.0,3.0,2.0,3.0,most of the day,3.0,25.0,2.0,male,village,21+
5.0,2.0,5.0,1.0,5.0,4.0,5.0,3.0,4.0,few hours a day,3.0,21.0,1.0,female,city,21+
5.0,3.0,5.0,5.0,1.0,1.0,1.0,2.0,4.0,few hours a day,4.0,18.0,2.0,female,city,Less than 21
5.0,3.0,5.0,3.0,2.0,5.0,5.0,3.0,3.0,less than an hour a day,3.0,15.0,2.0,female,city,Less than 21
5.0,1.0,5.0,4.0,1.0,4.0,3.0,3.0,3.0,few hours a day,3.0,17.0,0.0,male,city,Less than 21
5.0,1.0,4.0,4.0,4.0,1.0,1.0,2.0,3.0,less than an hour a day,4.0,22.0,6.0,female,city,21+
5.0,2.0,5.0,2.0,1.0,1.0,1.0,3.0,4.0,few hours a day,4.0,21.0,1.0,female,city,21+
5.0,4.0,4.0,3.0,3.0,1.0,2.0,2.0,4.0,few hours a day,1.0,21.0,3.0,female,village,21+
5.0,1.0,5.0,4.0,1.0,5.0,2.0,2.0,3.0,few hours a day,2.0,19.0,3.0,female,village,Less than 21
4.0,3.0,4.0,3.0,4.0,2.0,2.0,1.0,1.0,few hours a day,1.0,26.0,1.0,male,city,21+
5.0,1.0,5.0,3.0,4.0,5.0,1.0,3.0,3.0,few hours a day,3.0,26.0,1.0,female,city,21+
5.0,4.0,5.0,5.0,3.0,5.0,1.0,2.0,4.0,few hours a day,4.0,25.0,2.0,male,city,21+
5.0,5.0,5.0,2.0,1.0,4.0,2.0,3.0,3.0,few hours a day,4.0,19.0,3.0,female,village,Less than 21
5.0,5.0,5.0,2.0,3.0,4.0,2.0,3.0,3.0,few hours a day,3.0,20.0,1.0,male,village,Less than 21
5.0,2.0,5.0,5.0,4.0,5.0,2.0,4.0,4.0,few hours a day,4.0,18.0,0.0,male,village,Less than 21
5.0,3.0,5.0,4.0,3.0,1.0,3.0,2.0,3.0,few hours a day,4.0,25.0,1.0,female,city,21+
5.0,2.0,5.0,2.0,3.0,2.0,1.0,1.0,2.0,few hours a day,1.0,23.0,1.0,male,city,21+
5.0,3.0,5.0,5.0,3.0,5.0,1.0,1.0,4.0,less than an hour a day,2.0,24.0,1.0,male,city,21+
5.0,3.0,5.0,5.0,1.0,5.0,3.0,3.0,4.0,few hours a day,3.0,20.0,3.0,male,village,Less than 21
5.0,1.0,5.0,3.0,2.0,2.0,5.0,2.0,4.0,less than an hour a day,4.0,19.0,2.0,female,village,Less than 21
5.0,2.0,5.0,2.0,3.0,3.0,1.0,4.0,3.0,few hours a day,4.0,18.0,1.0,male,village,Less than 21
5.0,4.0,5.0,4.0,3.0,4.0,4.0,2.0,5.0,most of the day,4.0,25.0,2.0,female,city,21+
1.0,2.0,4.0,3.0,3.0,3.0,3.0,1.0,3.0,few hours a day,3.0,22.0,2.0,male,city,21+
4.0,3.0,4.0,3.0,2.0,4.0,4.0,3.0,2.0,few hours a day,2.0,26.0,1.0,male,city,21+
3.0,3.0,5.0,4.0,4.0,4.0,2.0,3.0,3.0,less than an hour a day,4.0,19.0,0.0,female,city,Less than 21
1.0,1.0,4.0,1.0,2.0,2.0,5.0,1.0,2.0,less than an hour a day,3.0,16.0,2.0,female,city,Less than 21
5.0,1.0,5.0,3.0,3.0,1.0,1.0,3.0,3.0,few hours a day,4.0,18.0,0.0,male,city,Less than 21
5.0,1.0,5.0,3.0,1.0,4.0,4.0,2.0,3.0,few hours a day,3.0,20.0,1.0,female,city,Less than 21
5.0,2.0,5.0,3.0,3.0,4.0,5.0,4.0,3.0,less than an hour a day,3.0,17.0,0.0,female,city,Less than 21
3.0,1.0,4.0,4.0,2.0,1.0,2.0,2.0,4.0,most of the day,2.0,20.0,0.0,female,city,Less than 21
5.0,5.0,5.0,3.0,2.0,5.0,3.0,5.0,5.0,few hours a day,1.0,19.0,3.0,female,city,Less than 21
5.0,5.0,5.0,5.0,1.0,3.0,1.0,5.0,5.0,few hours a day,4.0,25.0,1.0,male,village,21+
5.0,3.0,5.0,2.0,1.0,1.0,1.0,5.0,3.0,few hours a day,3.0,19.0,1.0,male,city,Less than 21
5.0,1.0,5.0,2.0,2.0,5.0,5.0,2.0,3.0,few hours a day,2.0,18.0,0.0,female,city,Less than 21
5.0,3.0,5.0,5.0,2.0,5.0,5.0,1.0,3.0,less than an hour a day,2.0,17.0,0.0,female,village,Less than 21
5.0,4.0,5.0,5.0,4.0,5.0,1.0,3.0,3.0,few hours a day,3.0,18.0,1.0,male,city,Less than 21
4.0,2.0,4.0,5.0,1.0,5.0,1.0,3.0,3.0,less than an hour a day,2.0,20.0,1.0,female,city,Less than 21
5.0,2.0,5.0,2.0,3.0,5.0,2.0,3.0,4.0,most of the day,4.0,17.0,3.0,female,village,Less than 21
5.0,4.0,5.0,5.0,2.0,5.0,1.0,3.0,3.0,few hours a day,4.0,21.0,1.0,male,village,21+
4.0,4.0,5.0,4.0,2.0,1.0,2.0,3.0,4.0,few hours a day,2.0,19.0,1.0,male,city,Less than 21
4.0,1.0,5.0,5.0,1.0,4.0,1.0,3.0,2.0,few hours a day,2.0,19.0,0.0,male,city,Less than 21
5.0,3.0,4.0,4.0,2.0,1.0,1.0,2.0,4.0,few hours a day,3.0,19.0,0.0,male,city,Less than 21
5.0,3.0,5.0,5.0,3.0,2.0,1.0,2.0,4.0,few hours a day,2.0,16.0,1.0,male,city,Less than 21
5.0,1.0,4.0,2.0,1.0,1.0,1.0,3.0,3.0,less than an hour a day,4.0,18.0,2.0,female,city,Less than 21
5.0,4.0,5.0,3.0,1.0,5.0,3.0,1.0,4.0,most of the day,2.0,19.0,3.0,male,village,Less than 21
5.0,4.0,5.0,3.0,3.0,1.0,2.0,5.0,2.0,few hours a day,4.0,20.0,,female,village,Less than 21
5.0,3.0,5.0,3.0,1.0,1.0,2.0,3.0,3.0,few hours a day,1.0,19.0,1.0,female,city,Less than 21
5.0,3.0,3.0,4.0,1.0,3.0,1.0,2.0,4.0,less than an hour a day,3.0,21.0,1.0,male,village,21+
2.0,4.0,5.0,3.0,4.0,2.0,1.0,3.0,5.0,few hours a day,4.0,24.0,2.0,male,city,21+
4.0,1.0,5.0,2.0,1.0,5.0,1.0,1.0,3.0,less than an hour a day,5.0,23.0,1.0,male,city,21+
5.0,1.0,4.0,4.0,4.0,5.0,5.0,3.0,4.0,most of the day,5.0,30.0,0.0,female,city,21+
3.0,2.0,3.0,3.0,4.0,4.0,5.0,2.0,4.0,less than an hour a day,4.0,27.0,3.0,male,city,21+
5.0,3.0,5.0,2.0,2.0,1.0,1.0,5.0,3.0,few hours a day,3.0,19.0,1.0,male,city,Less than 21
5.0,2.0,5.0,5.0,2.0,1.0,3.0,3.0,3.0,few hours a day,3.0,18.0,2.0,female,city,Less than 21
5.0,2.0,5.0,4.0,4.0,5.0,3.0,4.0,3.0,few hours a day,4.0,18.0,2.0,male,city,Less than 21
5.0,1.0,5.0,1.0,4.0,1.0,3.0,2.0,3.0,few hours a day,5.0,17.0,2.0,male,city,Less than 21
4.0,4.0,5.0,2.0,1.0,2.0,1.0,3.0,1.0,less than an hour a day,1.0,30.0,1.0,female,village,21+
5.0,4.0,5.0,3.0,1.0,4.0,5.0,1.0,3.0,few hours a day,4.0,19.0,0.0,female,city,Less than 21
5.0,1.0,5.0,3.0,1.0,3.0,5.0,3.0,4.0,most of the day,3.0,27.0,5.0,female,village,21+
5.0,2.0,5.0,1.0,1.0,5.0,5.0,2.0,4.0,most of the day,1.0,21.0,1.0,female,village,21+
5.0,3.0,2.0,5.0,1.0,4.0,5.0,3.0,4.0,few hours a day,3.0,17.0,3.0,female,city,Less than 21
1.0,1.0,5.0,5.0,1.0,5.0,1.0,2.0,3.0,few hours a day,3.0,20.0,1.0,male,city,Less than 21
3.0,1.0,5.0,3.0,1.0,5.0,4.0,3.0,2.0,few hours a day,3.0,20.0,0.0,male,city,Less than 21
5.0,3.0,5.0,2.0,1.0,1.0,2.0,2.0,3.0,few hours a day,2.0,20.0,1.0,male,city,Less than 21
4.0,1.0,4.0,4.0,1.0,1.0,1.0,1.0,2.0,most of the day,2.0,18.0,0.0,male,city,Less than 21
5.0,1.0,5.0,4.0,1.0,5.0,5.0,2.0,3.0,few hours a day,1.0,20.0,1.0,male,city,Less than 21
5.0,1.0,4.0,4.0,2.0,5.0,3.0,4.0,4.0,few hours a day,4.0,20.0,1.0,male,city,Less than 21
5.0,1.0,5.0,5.0,1.0,4.0,1.0,2.0,2.0,few hours a day,1.0,17.0,1.0,female,city,Less than 21
5.0,1.0,5.0,3.0,1.0,5.0,1.0,1.0,2.0,few hours a day,1.0,19.0,1.0,male,city,Less than 21
5.0,5.0,5.0,3.0,3.0,5.0,5.0,5.0,1.0,few hours a day,2.0,20.0,1.0,female,city,Less than 21
5.0,2.0,5.0,4.0,4.0,5.0,1.0,1.0,3.0,few hours a day,3.0,20.0,1.0,male,city,Less than 21
5.0,3.0,5.0,5.0,3.0,5.0,5.0,1.0,4.0,few hours a day,2.0,21.0,0.0,male,city,21+
3.0,1.0,3.0,1.0,1.0,2.0,1.0,5.0,5.0,most of the day,3.0,23.0,0.0,male,city,21+
4.0,4.0,3.0,4.0,1.0,4.0,1.0,2.0,3.0,few hours a day,2.0,24.0,2.0,male,village,21+
5.0,2.0,4.0,3.0,3.0,5.0,2.0,1.0,3.0,less than an hour a day,4.0,17.0,0.0,female,city,Less than 21
5.0,1.0,5.0,2.0,3.0,1.0,4.0,2.0,4.0,few hours a day,2.0,18.0,1.0,female,city,Less than 21
5.0,1.0,5.0,5.0,1.0,5.0,3.0,4.0,3.0,few hours a day,1.0,17.0,1.0,male,city,Less than 21
5.0,1.0,3.0,4.0,1.0,4.0,3.0,3.0,1.0,few hours a day,4.0,19.0,1.0,female,city,Less than 21
5.0,3.0,4.0,4.0,1.0,1.0,2.0,5.0,2.0,few hours a day,2.0,21.0,0.0,male,city,21+
5.0,1.0,5.0,5.0,1.0,5.0,1.0,1.0,3.0,most of the day,4.0,29.0,1.0,female,city,21+
4.0,1.0,5.0,2.0,2.0,5.0,2.0,3.0,3.0,few hours a day,2.0,21.0,1.0,female,city,21+
5.0,1.0,5.0,4.0,1.0,1.0,4.0,3.0,3.0,few hours a day,1.0,20.0,1.0,female,village,Less than 21
5.0,1.0,4.0,2.0,1.0,2.0,2.0,2.0,4.0,few hours a day,1.0,20.0,1.0,female,city,Less than 21
1.0,4.0,5.0,2.0,3.0,2.0,2.0,2.0,3.0,few hours a day,4.0,19.0,1.0,male,village,Less than 21
5.0,1.0,5.0,3.0,2.0,2.0,4.0,5.0,5.0,few hours a day,3.0,20.0,0.0,female,city,Less than 21
5.0,2.0,5.0,4.0,5.0,5.0,5.0,3.0,4.0,most of the day,2.0,21.0,1.0,female,city,21+
5.0,3.0,5.0,4.0,3.0,3.0,3.0,3.0,4.0,few hours a day,3.0,17.0,2.0,female,village,Less than 21
5.0,1.0,3.0,3.0,1.0,2.0,5.0,2.0,3.0,few hours a day,1.0,20.0,1.0,female,village,Less than 21
3.0,2.0,5.0,3.0,2.0,1.0,2.0,3.0,3.0,few hours a day,4.0,19.0,1.0,male,city,Less than 21
4.0,2.0,5.0,2.0,1.0,3.0,4.0,2.0,4.0,less than an hour a day,2.0,21.0,1.0,male,city,21+
4.0,1.0,5.0,4.0,4.0,1.0,3.0,3.0,3.0,few hours a day,3.0,19.0,0.0,male,city,Less than 21
5.0,1.0,5.0,2.0,1.0,4.0,1.0,1.0,2.0,few hours a day,1.0,19.0,0.0,male,city,Less than 21
5.0,1.0,4.0,3.0,4.0,3.0,2.0,1.0,4.0,few hours a day,2.0,20.0,3.0,male,city,Less than 21
5.0,2.0,5.0,2.0,1.0,5.0,5.0,1.0,1.0,few hours a day,3.0,21.0,0.0,female,city,21+
4.0,1.0,5.0,2.0,1.0,5.0,2.0,2.0,3.0,few hours a day,2.0,23.0,1.0,female,city,21+
5.0,1.0,4.0,1.0,3.0,3.0,2.0,2.0,4.0,most of the day,4.0,24.0,1.0,female,city,21+
5.0,5.0,3.0,3.0,1.0,1.0,4.0,5.0,5.0,few hours a day,1.0,19.0,3.0,male,city,Less than 21
,2.0,5.0,5.0,2.0,4.0,5.0,1.0,1.0,few hours a day,3.0,24.0,2.0,female,village,21+
5.0,3.0,5.0,5.0,1.0,5.0,5.0,3.0,3.0,few hours a day,4.0,20.0,1.0,female,city,Less than 21
5.0,4.0,5.0,5.0,5.0,4.0,1.0,2.0,4.0,few hours a day,2.0,30.0,2.0,male,city,21+
4.0,1.0,5.0,5.0,2.0,4.0,3.0,3.0,3.0,most of the day,1.0,20.0,1.0,female,city,Less than 21
5.0,5.0,5.0,2.0,2.0,5.0,5.0,4.0,4.0,few hours a day,4.0,23.0,4.0,female,city,21+
5.0,1.0,5.0,3.0,1.0,5.0,4.0,5.0,1.0,few hours a day,1.0,19.0,1.0,female,city,Less than 21
5.0,2.0,3.0,1.0,1.0,2.0,1.0,1.0,2.0,few hours a day,3.0,19.0,4.0,male,city,Less than 21
3.0,1.0,5.0,1.0,5.0,4.0,4.0,5.0,2.0,most of the day,2.0,22.0,2.0,female,village,21+
4.0,1.0,5.0,2.0,1.0,5.0,5.0,2.0,4.0,few hours a day,5.0,17.0,0.0,female,city,Less than 21
5.0,5.0,5.0,4.0,5.0,3.0,1.0,3.0,5.0,few hours a day,1.0,20.0,2.0,male,city,Less than 21
5.0,3.0,5.0,4.0,3.0,5.0,2.0,1.0,4.0,few hours a day,4.0,19.0,2.0,male,village,Less than 21
5.0,1.0,5.0,3.0,3.0,5.0,1.0,3.0,5.0,few hours a day,4.0,30.0,4.0,female,village,21+
5.0,1.0,4.0,2.0,3.0,3.0,5.0,3.0,4.0,few hours a day,2.0,27.0,0.0,male,city,21+
5.0,4.0,5.0,4.0,4.0,3.0,4.0,3.0,4.0,few hours a day,3.0,19.0,1.0,male,city,Less than 21
5.0,3.0,5.0,4.0,4.0,5.0,4.0,2.0,3.0,few hours a day,2.0,17.0,1.0,female,city,Less than 21
5.0,5.0,5.0,2.0,1.0,5.0,2.0,2.0,4.0,most of the day,4.0,20.0,1.0,male,village,Less than 21
3.0,1.0,5.0,5.0,2.0,1.0,1.0,5.0,3.0,few hours a day,4.0,20.0,2.0,male,village,Less than 21
5.0,4.0,5.0,3.0,2.0,5.0,2.0,3.0,3.0,few hours a day,2.0,20.0,1.0,male,city,Less than 21
5.0,5.0,5.0,3.0,1.0,4.0,3.0,1.0,3.0,few hours a day,2.0,20.0,2.0,male,city,Less than 21
5.0,2.0,5.0,4.0,2.0,5.0,5.0,2.0,2.0,few hours a day,1.0,18.0,1.0,female,city,Less than 21
5.0,4.0,5.0,3.0,4.0,5.0,1.0,2.0,4.0,few hours a day,2.0,21.0,2.0,male,city,21+
5.0,5.0,5.0,3.0,1.0,5.0,2.0,3.0,3.0,few hours a day,3.0,21.0,1.0,male,village,21+
5.0,3.0,5.0,4.0,3.0,3.0,4.0,4.0,3.0,few hours a day,2.0,20.0,1.0,male,village,Less than 21
4.0,2.0,5.0,2.0,3.0,3.0,4.0,2.0,2.0,less than an hour a day,4.0,17.0,2.0,female,city,Less than 21
4.0,1.0,3.0,5.0,2.0,3.0,1.0,3.0,2.0,most of the day,1.0,23.0,1.0,male,city,21+
5.0,1.0,5.0,4.0,3.0,5.0,5.0,2.0,4.0,few hours a day,4.0,25.0,1.0,female,city,21+
5.0,2.0,4.0,2.0,2.0,4.0,1.0,2.0,4.0,few hours a day,4.0,18.0,0.0,male,village,Less than 21
5.0,1.0,5.0,5.0,1.0,5.0,3.0,4.0,2.0,few hours a day,5.0,18.0,1.0,female,city,Less than 21
5.0,4.0,5.0,2.0,3.0,2.0,4.0,1.0,3.0,few hours a day,4.0,25.0,1.0,female,city,21+
5.0,3.0,5.0,5.0,5.0,5.0,5.0,5.0,5.0,most of the day,1.0,21.0,1.0,male,village,21+
5.0,4.0,5.0,2.0,1.0,2.0,2.0,3.0,3.0,few hours a day,3.0,20.0,1.0,male,village,Less than 21
4.0,4.0,5.0,3.0,2.0,2.0,2.0,2.0,3.0,few hours a day,3.0,21.0,0.0,male,city,21+
5.0,3.0,5.0,3.0,1.0,4.0,2.0,2.0,4.0,few hours a day,4.0,18.0,1.0,female,city,Less than 21
5.0,4.0,5.0,1.0,1.0,5.0,1.0,3.0,3.0,few hours a day,1.0,20.0,2.0,female,village,Less than 21
5.0,3.0,5.0,2.0,5.0,4.0,2.0,4.0,3.0,few hours a day,5.0,19.0,1.0,male,city,Less than 21
5.0,1.0,5.0,4.0,3.0,2.0,1.0,3.0,5.0,few hours a day,4.0,22.0,2.0,male,city,21+
4.0,4.0,5.0,2.0,4.0,4.0,2.0,2.0,4.0,less than an hour a day,4.0,26.0,3.0,male,city,21+
4.0,5.0,5.0,2.0,4.0,5.0,1.0,2.0,3.0,less than an hour a day,2.0,23.0,0.0,male,city,21+
5.0,4.0,5.0,3.0,1.0,4.0,2.0,2.0,4.0,few hours a day,4.0,18.0,1.0,female,city,Less than 21
5.0,1.0,5.0,5.0,1.0,5.0,4.0,3.0,2.0,few hours a day,4.0,18.0,1.0,female,city,Less than 21
5.0,4.0,5.0,3.0,1.0,1.0,1.0,3.0,4.0,few hours a day,2.0,16.0,1.0,female,city,Less than 21
5.0,3.0,5.0,4.0,1.0,1.0,1.0,4.0,4.0,few hours a day,4.0,19.0,2.0,female,village,Less than 21
5.0,4.0,5.0,3.0,4.0,5.0,5.0,4.0,3.0,few hours a day,1.0,19.0,1.0,female,city,Less than 21
3.0,3.0,4.0,3.0,2.0,5.0,1.0,2.0,4.0,few hours a day,2.0,23.0,0.0,female,city,21+
5.0,2.0,5.0,1.0,4.0,1.0,1.0,2.0,2.0,few hours a day,2.0,21.0,1.0,male,city,21+
4.0,3.0,2.0,2.0,3.0,3.0,3.0,3.0,3.0,less than an hour a day,4.0,19.0,1.0,male,city,Less than 21
5.0,2.0,5.0,4.0,1.0,5.0,3.0,2.0,4.0,less than an hour a day,2.0,20.0,1.0,female,city,Less than 21
5.0,2.0,5.0,5.0,1.0,1.0,4.0,4.0,2.0,few hours a day,1.0,22.0,1.0,female,city,21+
5.0,4.0,5.0,1.0,4.0,3.0,2.0,3.0,3.0,few hours a day,3.0,20.0,1.0,male,city,Less than 21
5.0,3.0,5.0,4.0,2.0,4.0,3.0,3.0,3.0,few hours a day,3.0,21.0,2.0,male,village,21+
5.0,1.0,5.0,3.0,4.0,2.0,3.0,2.0,3.0,few hours a day,3.0,19.0,1.0,male,city,Less than 21
5.0,3.0,2.0,2.0,3.0,2.0,2.0,3.0,3.0,less than an hour a day,4.0,17.0,0.0,female,village,Less than 21
5.0,1.0,5.0,2.0,1.0,4.0,3.0,2.0,4.0,few hours a day,4.0,19.0,2.0,female,city,Less than 21
4.0,3.0,4.0,2.0,1.0,4.0,3.0,3.0,3.0,few hours a day,3.0,16.0,1.0,male,village,Less than 21
5.0,1.0,5.0,4.0,1.0,3.0,2.0,2.0,3.0,few hours a day,4.0,22.0,1.0,male,village,21+
5.0,2.0,4.0,2.0,4.0,3.0,2.0,2.0,3.0,few hours a day,2.0,23.0,2.0,male,city,21+
5.0,1.0,5.0,4.0,1.0,3.0,2.0,2.0,3.0,less than an hour a day,3.0,28.0,2.0,female,village,21+
5.0,1.0,3.0,4.0,3.0,5.0,1.0,3.0,3.0,few hours a day,2.0,20.0,2.0,male,city,Less than 21
5.0,1.0,4.0,2.0,2.0,3.0,2.0,3.0,4.0,few hours a day,3.0,21.0,1.0,male,city,21+
4.0,1.0,5.0,4.0,1.0,5.0,5.0,2.0,4.0,less than an hour a day,4.0,22.0,1.0,female,city,21+
5.0,2.0,5.0,4.0,3.0,3.0,4.0,2.0,3.0,few hours a day,2.0,,,male,city,21+
5.0,1.0,3.0,5.0,5.0,3.0,1.0,2.0,4.0,few hours a day,4.0,19.0,1.0,male,city,Less than 21
3.0,1.0,5.0,3.0,2.0,1.0,1.0,2.0,4.0,few hours a day,3.0,24.0,1.0,female,city,21+
5.0,3.0,5.0,5.0,1.0,2.0,1.0,1.0,3.0,few hours a day,4.0,23.0,1.0,male,city,21+
5.0,5.0,5.0,5.0,1.0,1.0,3.0,3.0,4.0,less than an hour a day,2.0,21.0,2.0,female,city,21+
5.0,1.0,4.0,2.0,2.0,2.0,3.0,3.0,1.0,most of the day,1.0,22.0,1.0,female,city,21+
5.0,3.0,5.0,2.0,2.0,2.0,3.0,4.0,4.0,few hours a day,3.0,18.0,1.0,male,city,Less than 21
5.0,2.0,3.0,3.0,2.0,3.0,2.0,5.0,5.0,less than an hour a day,4.0,28.0,2.0,female,city,21+
5.0,1.0,5.0,5.0,4.0,1.0,1.0,2.0,4.0,few hours a day,4.0,18.0,0.0,female,city,Less than 21
5.0,1.0,4.0,5.0,5.0,5.0,1.0,4.0,4.0,few hours a day,4.0,23.0,1.0,female,village,21+
5.0,3.0,4.0,4.0,3.0,4.0,,3.0,4.0,less than an hour a day,4.0,22.0,1.0,female,village,21+
5.0,3.0,5.0,4.0,3.0,2.0,5.0,4.0,3.0,few hours a day,4.0,21.0,1.0,female,city,21+
5.0,2.0,5.0,5.0,3.0,3.0,1.0,5.0,2.0,few hours a day,1.0,20.0,1.0,female,city,Less than 21
4.0,4.0,5.0,1.0,2.0,5.0,4.0,3.0,4.0,few hours a day,5.0,18.0,1.0,female,city,Less than 21
4.0,1.0,5.0,4.0,1.0,4.0,1.0,4.0,3.0,few hours a day,1.0,21.0,1.0,male,city,21+
5.0,3.0,5.0,3.0,3.0,3.0,1.0,2.0,2.0,few hours a day,2.0,20.0,1.0,male,village,Less than 21
4.0,1.0,5.0,5.0,2.0,4.0,1.0,4.0,3.0,most of the day,4.0,21.0,1.0,female,village,21+
5.0,1.0,5.0,5.0,2.0,1.0,2.0,3.0,4.0,few hours a day,2.0,21.0,1.0,female,city,21+
4.0,1.0,3.0,3.0,1.0,1.0,3.0,1.0,3.0,few hours a day,3.0,20.0,2.0,female,city,Less than 21
5.0,3.0,4.0,2.0,3.0,4.0,2.0,2.0,1.0,few hours a day,4.0,17.0,0.0,male,city,Less than 21
5.0,4.0,5.0,2.0,3.0,5.0,5.0,3.0,3.0,few hours a day,3.0,20.0,1.0,female,city,Less than 21
5.0,3.0,5.0,3.0,1.0,3.0,4.0,4.0,4.0,few hours a day,2.0,23.0,3.0,female,city,21+
5.0,1.0,5.0,3.0,1.0,5.0,1.0,1.0,4.0,few hours a day,4.0,19.0,0.0,female,city,Less than 21
5.0,2.0,5.0,3.0,1.0,5.0,4.0,2.0,5.0,few hours a day,5.0,20.0,0.0,female,city,Less than 21
5.0,1.0,5.0,2.0,3.0,1.0,1.0,2.0,3.0,few hours a day,4.0,22.0,1.0,male,city,21+
5.0,3.0,5.0,1.0,1.0,5.0,1.0,3.0,4.0,few hours a day,4.0,19.0,1.0,female,city,Less than 21
5.0,3.0,5.0,3.0,1.0,5.0,5.0,3.0,2.0,few hours a day,4.0,19.0,0.0,female,city,Less than 21
3.0,3.0,3.0,4.0,3.0,3.0,2.0,1.0,3.0,few hours a day,3.0,27.0,1.0,female,city,21+
5.0,3.0,5.0,3.0,1.0,1.0,5.0,5.0,3.0,few hours a day,3.0,18.0,5.0,female,city,Less than 21
5.0,2.0,5.0,1.0,2.0,3.0,1.0,4.0,4.0,most of the day,4.0,18.0,2.0,male,city,Less than 21
5.0,4.0,5.0,1.0,3.0,2.0,5.0,2.0,4.0,few hours a day,5.0,20.0,1.0,female,city,Less than 21
5.0,1.0,5.0,4.0,2.0,5.0,5.0,4.0,3.0,few hours a day,3.0,17.0,3.0,female,city,Less than 21
5.0,4.0,5.0,2.0,2.0,4.0,4.0,2.0,3.0,few hours a day,2.0,19.0,0.0,,city,Less than 21
5.0,1.0,5.0,3.0,1.0,5.0,5.0,3.0,3.0,few hours a day,3.0,16.0,1.0,female,city,Less than 21
4.0,3.0,4.0,2.0,2.0,2.0,5.0,4.0,3.0,few hours a day,2.0,21.0,0.0,female,city,21+
5.0,2.0,5.0,3.0,5.0,5.0,3.0,5.0,2.0,few hours a day,5.0,18.0,4.0,female,village,Less than 21
5.0,5.0,5.0,4.0,5.0,5.0,3.0,5.0,5.0,few hours a day,1.0,19.0,0.0,female,city,Less than 21
4.0,4.0,5.0,2.0,3.0,4.0,5.0,2.0,4.0,few hours a day,3.0,20.0,0.0,female,city,Less than 21
5.0,5.0,,4.0,3.0,4.0,3.0,2.0,4.0,few hours a day,2.0,16.0,4.0,male,city,Less than 21
5.0,1.0,5.0,2.0,2.0,2.0,2.0,5.0,1.0,few hours a day,1.0,18.0,3.0,female,village,Less than 21
5.0,5.0,5.0,4.0,1.0,5.0,1.0,5.0,3.0,most of the day,4.0,24.0,0.0,male,village,21+
4.0,2.0,5.0,3.0,4.0,5.0,2.0,2.0,3.0,less than an hour a day,2.0,22.0,2.0,female,city,21+
5.0,2.0,5.0,4.0,2.0,5.0,5.0,2.0,4.0,few hours a day,3.0,19.0,1.0,female,village,Less than 21
5.0,1.0,3.0,4.0,5.0,5.0,1.0,1.0,3.0,few hours a day,1.0,22.0,1.0,male,city,21+
5.0,2.0,5.0,3.0,1.0,1.0,4.0,4.0,3.0,few hours a day,1.0,22.0,0.0,male,city,21+
5.0,1.0,4.0,2.0,1.0,3.0,3.0,4.0,3.0,few hours a day,3.0,16.0,1.0,female,village,Less than 21
5.0,2.0,5.0,4.0,5.0,5.0,4.0,2.0,4.0,few hours a day,4.0,18.0,1.0,female,village,Less than 21
5.0,2.0,5.0,1.0,2.0,5.0,1.0,3.0,3.0,most of the day,3.0,18.0,3.0,female,city,Less than 21
5.0,3.0,5.0,4.0,1.0,5.0,5.0,5.0,3.0,most of the day,5.0,15.0,0.0,male,village,Less than 21
4.0,5.0,5.0,1.0,3.0,1.0,3.0,4.0,1.0,most of the day,1.0,26.0,3.0,male,city,21+
5.0,4.0,4.0,3.0,5.0,2.0,2.0,2.0,4.0,few hours a day,5.0,19.0,1.0,male,city,Less than 21
5.0,1.0,5.0,4.0,3.0,4.0,5.0,3.0,3.0,few hours a day,4.0,20.0,1.0,female,city,Less than 21
5.0,4.0,4.0,2.0,4.0,4.0,3.0,2.0,4.0,few hours a day,3.0,20.0,0.0,female,city,Less than 21
5.0,1.0,4.0,5.0,5.0,5.0,2.0,2.0,3.0,few hours a day,3.0,19.0,1.0,female,city,Less than 21
5.0,1.0,5.0,3.0,2.0,4.0,1.0,4.0,3.0,most of the day,3.0,20.0,2.0,male,city,Less than 21
5.0,2.0,4.0,3.0,1.0,1.0,3.0,3.0,4.0,few hours a day,3.0,20.0,5.0,male,city,Less than 21
5.0,4.0,4.0,3.0,1.0,5.0,5.0,3.0,4.0,few hours a day,2.0,22.0,2.0,female,city,21+
4.0,1.0,4.0,4.0,3.0,4.0,5.0,4.0,4.0,few hours a day,2.0,24.0,1.0,female,city,21+
5.0,1.0,5.0,5.0,3.0,1.0,3.0,1.0,3.0,few hours a day,3.0,,,female,city,21+
5.0,4.0,5.0,5.0,5.0,5.0,1.0,3.0,3.0,few hours a day,5.0,20.0,3.0,male,village,Less than 21
5.0,1.0,3.0,5.0,3.0,1.0,1.0,4.0,4.0,less than an hour a day,5.0,21.0,1.0,female,village,21+
4.0,4.0,5.0,5.0,1.0,3.0,1.0,1.0,1.0,most of the day,4.0,23.0,0.0,male,city,21+
5.0,2.0,3.0,3.0,2.0,4.0,3.0,3.0,3.0,few hours a day,4.0,21.0,3.0,male,city,21+
5.0,4.0,5.0,5.0,1.0,1.0,5.0,5.0,3.0,few hours a day,3.0,17.0,2.0,female,city,Less than 21
5.0,1.0,5.0,5.0,1.0,5.0,1.0,1.0,1.0,less than an hour a day,1.0,19.0,1.0,female,city,Less than 21
5.0,2.0,5.0,5.0,5.0,4.0,1.0,2.0,4.0,few hours a day,4.0,18.0,1.0,male,city,Less than 21
5.0,3.0,5.0,2.0,5.0,4.0,1.0,2.0,3.0,few hours a day,3.0,19.0,2.0,male,city,Less than 21
5.0,1.0,5.0,3.0,3.0,1.0,2.0,1.0,2.0,few hours a day,2.0,19.0,2.0,male,village,Less than 21
5.0,1.0,5.0,2.0,4.0,3.0,2.0,5.0,3.0,few hours a day,1.0,22.0,1.0,male,city,21+
5.0,3.0,4.0,3.0,3.0,3.0,3.0,2.0,4.0,few hours a day,4.0,18.0,1.0,male,city,Less than 21
5.0,2.0,5.0,3.0,3.0,5.0,5.0,2.0,4.0,less than an hour a day,3.0,19.0,0.0,female,city,Less than 21
5.0,1.0,4.0,2.0,1.0,4.0,2.0,2.0,3.0,most of the day,4.0,20.0,2.0,female,city,Less than 21
5.0,2.0,5.0,3.0,5.0,3.0,3.0,1.0,1.0,few hours a day,3.0,21.0,0.0,female,city,21+
5.0,5.0,5.0,5.0,1.0,5.0,5.0,1.0,2.0,most of the day,3.0,23.0,1.0,female,village,21+
5.0,2.0,5.0,2.0,4.0,2.0,4.0,2.0,4.0,few hours a day,4.0,19.0,1.0,female,city,Less than 21
5.0,4.0,5.0,2.0,3.0,3.0,2.0,2.0,2.0,few hours a day,2.0,19.0,1.0,male,village,Less than 21
5.0,1.0,5.0,5.0,2.0,4.0,4.0,4.0,4.0,few hours a day,2.0,21.0,2.0,female,city,21+
5.0,2.0,5.0,5.0,3.0,4.0,4.0,2.0,3.0,few hours a day,3.0,19.0,0.0,male,city,Less than 21
5.0,1.0,5.0,5.0,1.0,3.0,5.0,2.0,4.0,less than an hour a day,1.0,18.0,2.0,female,city,Less than 21
5.0,1.0,5.0,5.0,1.0,1.0,5.0,4.0,2.0,most of the day,5.0,19.0,1.0,female,village,Less than 21
5.0,1.0,4.0,1.0,3.0,4.0,1.0,3.0,4.0,few hours a day,2.0,18.0,2.0,male,city,Less than 21
5.0,2.0,5.0,2.0,1.0,4.0,5.0,2.0,3.0,few hours a day,2.0,22.0,2.0,female,village,21+
5.0,1.0,4.0,1.0,1.0,4.0,5.0,3.0,1.0,most of the day,4.0,21.0,1.0,female,city,21+
5.0,1.0,5.0,4.0,1.0,2.0,4.0,3.0,1.0,few hours a day,5.0,20.0,1.0,female,city,Less than 21
4.0,4.0,4.0,5.0,5.0,1.0,1.0,3.0,3.0,few hours a day,1.0,19.0,3.0,female,city,Less than 21
4.0,1.0,4.0,5.0,2.0,2.0,2.0,4.0,2.0,few hours a day,3.0,20.0,1.0,male,city,Less than 21
5.0,,5.0,5.0,4.0,1.0,1.0,5.0,3.0,few hours a day,1.0,19.0,0.0,male,city,Less than 21
5.0,5.0,3.0,5.0,1.0,1.0,1.0,5.0,3.0,most of the day,3.0,30.0,2.0,female,village,21+
5.0,1.0,5.0,3.0,1.0,1.0,1.0,2.0,2.0,few hours a day,1.0,29.0,1.0,male,city,21+
5.0,2.0,5.0,4.0,1.0,5.0,3.0,2.0,1.0,most of the day,3.0,21.0,0.0,male,city,21+
4.0,5.0,4.0,5.0,5.0,1.0,5.0,3.0,3.0,most of the day,1.0,30.0,1.0,male,city,21+
5.0,2.0,5.0,1.0,1.0,2.0,3.0,4.0,3.0,few hours a day,4.0,21.0,0.0,female,city,21+
5.0,1.0,5.0,5.0,1.0,5.0,4.0,3.0,4.0,few hours a day,3.0,20.0,0.0,female,city,Less than 21
5.0,5.0,5.0,3.0,4.0,5.0,1.0,4.0,4.0,few hours a day,4.0,18.0,0.0,female,city,Less than 21
5.0,1.0,3.0,4.0,1.0,2.0,2.0,2.0,4.0,few hours a day,3.0,20.0,0.0,male,,Less than 21
5.0,1.0,4.0,1.0,2.0,5.0,4.0,2.0,,less than an hour a day,3.0,19.0,1.0,female,,Less than 21
5.0,5.0,5.0,3.0,5.0,1.0,1.0,2.0,3.0,few hours a day,4.0,28.0,1.0,male,city,21+
5.0,5.0,4.0,4.0,5.0,1.0,2.0,3.0,3.0,few hours a day,3.0,19.0,1.0,male,city,Less than 21
5.0,3.0,5.0,3.0,1.0,5.0,1.0,3.0,2.0,few hours a day,1.0,16.0,1.0,female,city,Less than 21
5.0,3.0,3.0,3.0,1.0,4.0,1.0,2.0,2.0,few hours a day,2.0,18.0,2.0,female,city,Less than 21
5.0,3.0,3.0,2.0,1.0,2.0,1.0,3.0,2.0,few hours a day,4.0,22.0,1.0,male,city,21+
4.0,4.0,5.0,3.0,1.0,5.0,4.0,3.0,4.0,few hours a day,3.0,20.0,1.0,female,city,Less than 21
5.0,5.0,5.0,3.0,2.0,4.0,3.0,3.0,2.0,few hours a day,4.0,22.0,1.0,male,city,21+
5.0,3.0,5.0,4.0,1.0,4.0,2.0,4.0,4.0,few hours a day,3.0,20.0,1.0,female,city,Less than 21
4.0,4.0,5.0,4.0,5.0,5.0,1.0,1.0,4.0,less than an hour a day,3.0,27.0,5.0,male,village,21+
4.0,1.0,4.0,2.0,3.0,5.0,2.0,4.0,4.0,most of the day,1.0,18.0,0.0,female,city,Less than 21
5.0,2.0,5.0,3.0,1.0,4.0,3.0,3.0,3.0,most of the day,3.0,25.0,1.0,female,city,21+
5.0,3.0,5.0,2.0,2.0,5.0,1.0,3.0,3.0,few hours a day,5.0,21.0,1.0,male,village,21+
